time,x,y,z,theta
1723991461.9972942,2.6944768638514915e-10,-3.0624600633188948e-09,0.0,0.08769512126254589
1723991462.0302942,2.6944768638514915e-10,-3.0624600633188948e-09,0.0,0.08769154319586234
1723991462.2052941,2.6944768638514915e-10,-3.0624600633188948e-09,0.0,0.08773874887100537
1723991462.2112942,2.6944768638514915e-10,-3.0624600633188948e-09,0.0,0.08763575446614161
1723991462.2442942,2.6944768638514915e-10,-3.0624600633188948e-09,0.0,0.08767295017393202
1723991462.3652942,2.6944768638514915e-10,-3.0624600633188948e-09,0.0,0.08780884542946078
1723991462.3982942,2.6944768638514915e-10,-3.0624600633188948e-09,0.0,0.08780002418982175
1723991462.5002942,2.6944768638514915e-10,-3.0624600633188948e-09,0.0,0.08764552846713651
1723991462.5332942,2.6944768638514915e-10,-3.0624600633188948e-09,0.0,0.08771491045764303
1723991462.6642942,2.6944768638514915e-10,-3.0624600633188948e-09,0.0,0.0875346603573024
1723991462.6972942,2.6944768638514915e-10,-3.0624600633188948e-09,0.0,0.08758258582335048
1723991462.7992942,2.6944768638514915e-10,-3.0624600633188948e-09,0.0,0.08778500178832076
1723991462.8332942,2.6944768638514915e-10,-3.0624600633188948e-09,0.0,0.08771514864696561
1723991462.9382942,2.6944768638514915e-10,-3.0624600633188948e-09,0.0,0.08794712780580488
1723991462.9712942,2.6944768638514915e-10,-3.0624600633188948e-09,0.0,0.08787083531634607
1723991463.0842943,2.6944768638514915e-10,-3.0624600633188948e-09,0.0,0.08763098767121297
1723991463.1172943,2.6944768638514915e-10,-3.0624600633188948e-09,0.0,0.08769393031542994
1723991463.2082942,2.6944768638514915e-10,-3.0624600633188948e-09,0.0,0.08791017774085945
1723991463.2412941,2.6944768638514915e-10,-3.0624600633188948e-09,0.0,0.08781194711628737
1723991463.3392942,2.6944768638514915e-10,-3.0624600633188948e-09,0.0,0.08762097025873769
1723991463.3722942,2.6944768638514915e-10,-3.0624600633188948e-09,0.0,0.08766818115897719
1723991463.4812942,2.6944768638514915e-10,-3.0624600633188948e-09,0.0,0.08785009336064442
1723991463.5142941,2.6944768638514915e-10,-3.0624600633188948e-09,0.0,0.08780073875643321
1723991463.5037415,2.6944768638514915e-10,-3.0624600633188948e-09,0.0,0.08760857839139767
1723991463.5367415,2.6944768638514915e-10,-3.0624600633188948e-09,0.0,0.0876693721067989
1723991463.6297414,2.6944768638514915e-10,-3.0624600633188948e-09,0.0,0.08772349350942464
1723991463.6637416,2.6944768638514915e-10,-3.0624600633188948e-09,0.0,0.08772492264504017
1723991463.7587416,2.6944768638514915e-10,-3.0624600633188948e-09,0.0,0.08774018323413506
1723991463.7917416,2.6944768638514915e-10,-3.0624600633188948e-09,0.0,0.08773494005935421
1723991463.8937416,2.6944768638514915e-10,-3.0624600633188948e-09,0.0,0.0876247917376921
1723991463.9267416,2.6944768638514915e-10,-3.0624600633188948e-09,0.0,0.08767056305455845
1723991464.0247414,2.6944768638514915e-10,-3.0624600633188948e-09,0.0,0.08775854551133161
1723991464.0577414,2.6944768638514915e-10,-3.0624600633188948e-09,0.0,0.08774233216489453
1723991464.1577415,2.6944768638514915e-10,-3.0624600633188948e-09,0.0,0.08753704747566587
1723991464.1907415,-2.52134141192073e-05,-2.2168787836562842e-06,0.0,0.08761811420352002
1723991464.2867415,-9.132310185844261e-11,1.0492314794774416e-09,0.0,0.08786320502026776
1723991464.3197415,-9.132310185844261e-11,1.0492314794774416e-09,0.0,0.0877909647609971
1723991464.4137416,-9.132310185844261e-11,1.0492314794774416e-09,0.0,0.08777213354861862
1723991464.4467416,-9.132310185844261e-11,1.0492314794774416e-09,0.0,0.08776974642844926
1723991464.5537415,-9.132310185844261e-11,1.0492314794774416e-09,0.0,0.08773899228816642
1723991464.5867414,-9.132310185844261e-11,1.0492314794774416e-09,0.0,0.08777356268271715
1723991464.6817415,-9.132310185844261e-11,1.0492314794774416e-09,0.0,0.08782124252252638
1723991464.7147415,-9.132310185844261e-11,1.0492314794774416e-09,0.0,0.0878200537892638
1723991464.8087416,-9.132310185844261e-11,1.0492314794774416e-09,0.0,0.08775067702724056
1723991464.8417416,-9.132310185844261e-11,1.0492314794774416e-09,0.0,0.08776903186133411
1723991464.9447415,-9.132310185844261e-11,1.0492314794774416e-09,0.0,0.08776950823941337
1723991464.9777415,-9.132310185844261e-11,1.0492314794774416e-09,0.0,0.08776831206447619
1723991465.0737414,-9.132310185844261e-11,1.0492314794774416e-09,0.0,0.08779120294992224
1723991465.1067414,-9.132310185844261e-11,1.0492314794774416e-09,0.0,0.08776402687537806
1723991465.2027416,-9.132310185844261e-11,1.0492314794774416e-09,0.0,0.08771586321491838
1723991465.2357416,-9.132310185844261e-11,1.0492314794774416e-09,0.0,0.08771872671327251
1723991465.3377416,-9.132310185844261e-11,1.0492314794774416e-09,0.0,0.08785128953830408
1723991465.3707416,-9.132310185844261e-11,1.0492314794774416e-09,0.0,0.08779645356843528
1723991465.4607415,-9.132310185844261e-11,1.0492314794774416e-09,0.0,0.08765006451595064
1723991465.4937415,-9.132310185844261e-11,1.0492314794774416e-09,0.0,0.08768725800406385
1723991465.5977416,-9.132310185844261e-11,1.0492314794774416e-09,0.0,0.0879025474441108
1723991465.6307416,-9.132310185844261e-11,1.0492314794774416e-09,0.0,0.08782410602057956
1723991465.7177415,-9.132310185844261e-11,1.0492314794774416e-09,0.0,0.08763575446614161
1723991465.7507415,-9.132310185844261e-11,1.0492314794774416e-09,0.0,0.0877044241081564
1723991465.8607416,-9.132310185844261e-11,1.0492314794774416e-09,0.0,0.08788275824110064
1723991465.8917415,-9.132310185844261e-11,1.0492314794774416e-09,0.0,0.08783459981444097
1723991466.025782,0.004059076774865389,0.00036012439522892237,0.0,0.08914303750558125
1723991466.058782,0.006630279589444399,0.0005925906007178128,0.0,0.09118962491049126
1723991466.140782,0.013886705040931702,0.0012859721900895238,0.0,0.09934019605712777
1723991466.173782,0.017084576189517975,0.0016120853833854198,0.0,0.10391354686177746
1723991466.262782,0.025814183056354523,0.0025773285888135433,0.0,0.11633420164947753
1723991466.295782,0.029131822288036346,0.0029718137811869383,0.0,0.12036514660793654
1723991466.3807821,0.03759538009762764,0.004032007418572903,0.0,0.12886809963153867
1723991466.4137821,0.040932971984148026,0.004470860585570335,0.0,0.1326076941868615
1723991466.4987822,0.049333468079566956,0.005622584372758865,0.0,0.13989710769449168
1723991466.5317822,0.052691370248794556,0.006099720951169729,0.0,0.14240050745910277
1723991466.627782,0.06208056956529617,0.007489547599107027,0.0,0.1515131008254705
1723991466.660782,0.06540735810995102,0.008003922179341316,0.0,0.1552889359670787
1723991466.736782,0.07290426641702652,0.009209406562149525,0.0,0.163576834773073
1723991466.7697823,0.07620005309581757,0.009757271967828274,0.0,0.1658747259605743
1723991466.8577821,0.08493174612522125,0.011252187192440033,0.0,0.17324853140348956
1723991466.890782,0.08814685046672821,0.011821278370916843,0.0,0.17713379356711884
1723991466.999782,0.09892622381448746,0.013800268992781639,0.0,0.18600344694739487
1723991467.032782,0.10213371366262436,0.014410804957151413,0.0,0.19019031994809296
1723991467.117782,0.11038026958703995,0.016025485470891,0.0,0.19651866633813994
1723991467.150782,0.11365565657615662,0.016684435307979584,0.0,0.2005455506616109
1723991467.239782,0.12230131030082703,0.01849612034857273,0.0,0.21257425691841103
1723991467.272782,0.12561489641666412,0.01921953447163105,0.0,0.21731568113624827
1723991467.3587823,0.13393382728099823,0.02110399305820465,0.0,0.22821832386428745
1723991467.3917823,0.13718722760677338,0.02186407893896103,0.0,0.23080491581873733
1723991467.4747822,0.14525917172431946,0.023804519325494766,0.0,0.24102831413530712
1723991467.5077822,0.14842797815799713,0.024591531604528427,0.0,0.24584459130450265
1723991467.594782,0.1567390412092209,0.02672415040433407,0.0,0.2565164595772592
1723991467.627782,0.16004317998886108,0.027594881132245064,0.0,0.2588214866517319
1723991467.7177823,0.16859190165996552,0.029917947947978973,0.0,0.27185250000343947
1723991467.7507823,0.17180825769901276,0.0308220274746418,0.0,0.276181476366019
1723991467.8337822,0.17990778386592865,0.03315366804599762,0.0,0.28440833631571816
1723991467.8667822,0.1830643117427826,0.03408264368772507,0.0,0.28803468815718014
1723991467.9517822,0.19118118286132812,0.036534424871206284,0.0,0.298656227626817
1723991467.9847822,0.19439686834812164,0.03753016144037247,0.0,0.3019165956098089
1723991468.0667822,0.20214234292507172,0.03998349979519844,0.0,0.31157754319314024
1723991468.0997822,0.20536868274211884,0.04102937504649162,0.0,0.3153784236579294
1723991468.1867821,0.2136821299791336,0.04378263279795647,0.0,0.3242466256790388
1723991468.219782,0.21689489483833313,0.04486950859427452,0.0,0.3281800772289532
1723991468.3027823,0.22464928030967712,0.047537922859191895,0.0,0.33466840241835616
1723991468.3357823,0.22785095870494843,0.04865705966949463,0.0,0.33787562094768014
1723991468.4387822,0.23740316927433014,0.05208771303296089,0.0,0.3517260445908966
1723991468.4717822,0.24058564007282257,0.053260330110788345,0.0,0.35432410832921274
1723991468.5446591,0.24864628911018372,0.056274112313985825,0.0,0.361267309101924
1723991468.5776591,0.2517930567264557,0.057469889521598816,0.0,0.3650269480210313
1723991468.6696591,0.2603888511657715,0.06078553944826126,0.0,0.3712613503364982
1723991468.7026591,0.2634528875350952,0.061984833329916,0.0,0.3748965115080582
1723991468.7896593,0.2715662121772766,0.06521361321210861,0.0,0.3825959913294606
1723991468.8226593,0.27459338307380676,0.06643708795309067,0.0,0.38558507473289905
1723991468.9076593,0.282410204410553,0.06965634226799011,0.0,0.3957526632378726
1723991468.9406593,0.2854675352573395,0.0709395483136177,0.0,0.3990187639390581
1723991469.0336592,0.29402846097946167,0.07460934668779373,0.0,0.41092968479458675
1723991469.0666592,0.2970658242702484,0.0759391114115715,0.0,0.4143981895788358
1723991469.1456592,0.304264098405838,0.07912460714578629,0.0,0.41886065677262996
1723991469.1786592,0.3073827922344208,0.08052076399326324,0.0,0.42297313454863983
1723991469.2726593,0.31596800684928894,0.08444815874099731,0.0,0.4351084122543743
1723991469.3056593,0.31908735632896423,0.08590377867221832,0.0,0.43810605710921263
1723991469.4006593,0.3273947536945343,0.08982840180397034,0.0,0.44458556008880573
1723991469.4336593,0.3304087221622467,0.09127003699541092,0.0,0.4477171875286137
1723991469.5116591,0.33735349774360657,0.09464120119810104,0.0,0.45612120745264695
1723991469.5446591,0.3403494358062744,0.0961199626326561,0.0,0.4608912605917552
1723991469.6336591,0.34824684262275696,0.1000773087143898,0.0,0.4681541815051927
1723991469.666659,0.3512253165245056,0.10159093886613846,0.0,0.47220467382262543
1723991469.7546592,0.35898008942604065,0.10560524463653564,0.0,0.4831411911226305
1723991469.7876592,0.3619591295719147,0.10717286169528961,0.0,0.48565910413763724
1723991469.8766592,0.36970245838165283,0.11131758987903595,0.0,0.49726222991289515
1723991469.9096591,0.37263616919517517,0.1129162609577179,0.0,0.5006282578586897
1723991469.9986591,0.38034704327583313,0.11717364937067032,0.0,0.5083224571933719
1723991470.0316591,0.3832413852214813,0.11879125237464905,0.0,0.5109562531369013
1723991470.1156592,0.3905944228172302,0.12296245992183685,0.0,0.5210640361006801
1723991470.1486592,0.39351198077201843,0.12464173138141632,0.0,0.523468018758343
1723991470.2436593,0.4018748104572296,0.1295444518327713,0.0,0.5370304411803585
1723991470.2766593,0.40469974279403687,0.13123157620429993,0.0,0.5397198033984429
1723991470.3696592,0.4127117395401001,0.1360803097486496,0.0,0.5487256101585621
1723991470.4026592,0.41545212268829346,0.1377604901790619,0.0,0.5512921715220398
1723991470.4936593,0.42325133085250854,0.14261719584465027,0.0,0.5626192316092868
1723991470.5266593,0.4259885549545288,0.1443503051996231,0.0,0.5662774645319871
1723991470.6096592,0.432952344417572,0.14882329106330872,0.0,0.5756394734720806
1723991470.6426592,0.4357104003429413,0.15061764419078827,0.0,0.5779311584364811
1723991470.7326593,0.44325101375579834,0.1555963009595871,0.0,0.589158795157171
1723991470.7656593,0.4459838271141052,0.15742890536785126,0.0,0.5922742236487829
1723991470.8496592,0.4528566002845764,0.16208578646183014,0.0,0.5987694155612968
1723991470.8826592,0.4556134045124054,0.16397321224212646,0.0,0.6019205875229263
1723991470.9676592,0.4625170826911926,0.16876406967639923,0.0,0.6113977371662924
1723991471.0006592,0.4652496874332428,0.17068634927272797,0.0,0.6146848328088321
1723991471.0754843,0.4725802540779114,0.17592599987983704,0.0,0.6264539061172305
1723991471.1084843,0.47528406977653503,0.17788857221603394,0.0,0.6292722234075624
1723991471.1944842,0.48218056559562683,0.18295083940029144,0.0,0.637135779003669
1723991471.2274842,0.4848221242427826,0.18491269648075104,0.0,0.6404816868497198
1723991471.3134842,0.4917517602443695,0.1901002675294876,0.0,0.6447352991809663
1723991471.3464842,0.4944591820240021,0.19214306771755219,0.0,0.648032647005902
1723991471.4294844,0.500994086265564,0.1971392184495926,0.0,0.6574404159748523
1723991471.4624844,0.5036756992340088,0.19921576976776123,0.0,0.6603805711121303
1723991471.5464842,0.5102319717407227,0.20434977114200592,0.0,0.6682832040706094
1723991471.5794842,0.512850284576416,0.2064250260591507,0.0,0.6721246189014897
1723991471.6624842,0.5192698240280151,0.21156854927539825,0.0,0.6788528087175747
1723991471.6954842,0.5218856930732727,0.21368733048439026,0.0,0.6827266336871053
1723991471.7834842,0.5285283327102661,0.21911847591400146,0.0,0.6880566919380897
1723991471.8164842,0.5310277342796326,0.22117982804775238,0.0,0.6912343649637617
1723991471.9014843,0.5374485850334167,0.22656138241291046,0.0,0.7039034554545084
1723991471.9344842,0.539991557598114,0.2287283092737198,0.0,0.7075412148341261
1723991472.0184844,0.5464017391204834,0.23423971235752106,0.0,0.7127575909086851
1723991472.0514843,0.5489821434020996,0.23647959530353546,0.0,0.7169964298550514
1723991472.1354842,0.5552890300750732,0.24203260242938995,0.0,0.7268355087552747
1723991472.1684842,0.557801365852356,0.24427320063114166,0.0,0.7297415829230302
1723991472.2514844,0.5639147758483887,0.24977712333202362,0.0,0.7362262787738424
1723991472.2844844,0.5664234161376953,0.25205960869789124,0.0,0.7402277193766862
1723991472.3734844,0.572851836681366,0.2579694986343384,0.0,0.7465710368799117
1723991472.4064844,0.5753747224807739,0.2603113055229187,0.0,0.7498099773819987
1723991472.4914842,0.581538200378418,0.2660972774028778,0.0,0.7578239079126581
1723991472.5244842,0.5840161442756653,0.268449991941452,0.0,0.7611346605337691
1723991472.6064842,0.5899225473403931,0.27413904666900635,0.0,0.7721805542863688
1723991472.6394842,0.5923115015029907,0.2764746844768524,0.0,0.7760482137485073
1723991472.7264843,0.598432719707489,0.28245118260383606,0.0,0.7708229974923241
1723991472.7594843,0.600869357585907,0.2848103940486908,0.0,0.7676727756199931
1723991472.8444843,0.6068926453590393,0.290706068277359,0.0,0.7817101785087908
1723991472.8774843,0.6092942357063293,0.2931009829044342,0.0,0.7863014056424299
1723991472.9624844,0.6152135133743286,0.2991010844707489,0.0,0.7980568346196609
1723991472.9954844,0.6175410151481628,0.3014979958534241,0.0,0.802130217972282
1723991473.0804844,0.6233693957328796,0.3075864315032959,0.0,0.8123047620936837
1723991473.1134844,0.6257325410842896,0.3100893795490265,0.0,0.8159513834357399
1723991473.2114842,0.6323767304420471,0.317217618227005,0.0,0.8251054209998904
1723991473.2444842,0.6347069144248962,0.3197512924671173,0.0,0.8293280587513102
1723991473.3284843,0.6402367353439331,0.3258412480354309,0.0,0.8378033727337615
1723991473.3614843,0.6425351500511169,0.3284037411212921,0.0,0.8415479764451715
1723991473.4514842,0.6487383842468262,0.335419625043869,0.0,0.8520477093749484
1723991473.4844842,0.6506987810134888,0.3376728594303131,0.0,0.85751605181861
1723991473.6075373,0.6566402912139893,0.3446809947490692,0.0,0.8776481034358584
1723991473.6405373,0.65873783826828,0.3472161293029785,0.0,0.8815059532992713
1723991473.7235374,0.6639543771743774,0.35360920429229736,0.0,0.8912818580840198
1723991473.7565374,0.6660813093185425,0.3562510311603546,0.0,0.894617817048378
1723991473.8425374,0.6713618040084839,0.362917423248291,0.0,0.9071535979737755
1723991473.8755374,0.6734141707420349,0.36555370688438416,0.0,0.9114351005482287
1723991473.9715374,0.6792682409286499,0.37318500876426697,0.0,0.9214308346869959
1723991474.0045373,0.6812832951545715,0.3758499324321747,0.0,0.9253111043881793
1723991474.0885375,0.6862902641296387,0.38256698846817017,0.0,0.9351685168077442
1723991474.1215374,0.6882387399673462,0.38521841168403625,0.0,0.9389135707609876
1723991474.2085373,0.6932877898216248,0.3921559154987335,0.0,0.9444067176081533
1723991474.2415373,0.6952121257781982,0.39482489228248596,0.0,0.9478108404266189
1723991474.3225374,0.6998612880706787,0.4013330638408661,0.0,0.953194385618036
1723991474.3555374,0.7017762660980225,0.4040398597717285,0.0,0.9569542595884202
1723991474.4415374,0.7067137956619263,0.41108810901641846,0.0,0.9624721914847634
1723991474.4745374,0.7086617946624756,0.4138953983783722,0.0,0.9658842101740872
1723991474.5665374,0.7138485312461853,0.42147913575172424,0.0,0.975992930909025
1723991474.5995374,0.7157450318336487,0.4242909848690033,0.0,0.9788306087510283
1723991474.6805375,0.720207929611206,0.430989146232605,0.0,0.987277508276906
1723991474.7135375,0.7220566868782043,0.43380236625671387,0.0,0.9915166322038474
1723991474.8015373,0.7267873883247375,0.44108179211616516,0.0,0.9975037540108976
1723991474.8345373,0.7286213040351868,0.443934828042984,0.0,1.0014953748714197
1723991474.9225373,0.7333276867866516,0.45135021209716797,0.0,1.0090423128045356
1723991474.9555373,0.7351824641227722,0.45430994033813477,0.0,1.0129607120795372
1723991475.0405374,0.7396000623703003,0.46148791909217834,0.0,1.0252430544642706
1723991475.0735373,0.7413689494132996,0.4644113779067993,0.0,1.0280921535873042
1723991475.1575375,0.7456269264221191,0.47156766057014465,0.0,1.0400378600219489
1723991475.1905375,0.7472717761993408,0.47438815236091614,0.0,1.0456352032897942
1723991475.2725375,0.7513173222541809,0.48143407702445984,0.0,1.0535402679989927
1723991475.3055375,0.7530145049095154,0.48442885279655457,0.0,1.05687546508955
1723991475.3925374,0.7571718692779541,0.4918768107891083,0.0,1.0665022632590422
1723991475.4255373,0.7587688565254211,0.49478256702423096,0.0,1.0700268358763214
1723991475.5015373,0.762396514415741,0.501453161239624,0.0,1.0753795886106787
1723991475.5345373,0.7640043497085571,0.5044394731521606,0.0,1.0784373760514012
1723991475.6265373,0.7682979106903076,0.5125336647033691,0.0,1.0877354236972139
1723991475.6595373,0.769820511341095,0.5154505968093872,0.0,1.091679542480578
1723991475.7435374,0.7736051082611084,0.522811233997345,0.0,1.1000719145742694
1723991475.7765374,0.7751275897026062,0.5258135795593262,0.0,1.1028882980679728
1723991475.8585374,0.7788143754005432,0.5331953763961792,0.0,1.1123010777393931
1723991475.8915374,0.7803078293800354,0.5362405180931091,0.0,1.1173591983626974
1723991475.9825373,0.7842618823051453,0.5444497466087341,0.0,1.1264909924213158
1723991476.0155373,0.7857046127319336,0.5474912524223328,0.0,1.1292809701112634
1723991476.096003,0.7893059253692627,0.5552234053611755,0.0,1.1405587070194765
1723991476.129003,0.7906837463378906,0.5582392811775208,0.0,1.143937072926982
1723991476.217003,0.7942475080490112,0.5661556720733643,0.0,1.151657095143524
1723991476.250003,0.795602023601532,0.5692098140716553,0.0,1.155067203899875
1723991476.336003,0.7989951968193054,0.5769803524017334,0.0,1.1631014369975252
1723991476.369003,0.8002945184707642,0.5800033211708069,0.0,1.1666231000933
1723991476.4600031,0.8038477897644043,0.5883662700653076,0.0,1.1714295887787587
1723991476.4930031,0.8051410913467407,0.5914468169212341,0.0,1.1752110077646356
1723991476.579003,0.8083900213241577,0.5993061661720276,0.0,1.1824042738347504
1723991476.612003,0.8096218705177307,0.6023299694061279,0.0,1.1854684180472275
1723991476.6970031,0.8128005862236023,0.6102179884910583,0.0,1.189981522836654
1723991476.730003,0.8140166401863098,0.613275408744812,0.0,1.1944973770818215
1723991476.8140032,0.8171154260635376,0.6211951375007629,0.0,1.2011731056164094
1723991476.8470032,0.8183087110519409,0.6242886781692505,0.0,1.2041031839816223
1723991476.9330032,0.815251886844635,0.6161901354789734,0.0,1.2156498585627762
1723991476.9660032,0.8164267539978027,0.619371771812439,0.0,1.2184737451551668
1723991477.054003,0.819464921951294,0.6277201771736145,0.0,1.2250793573569865
1723991477.0870032,0.8206003904342651,0.6308892369270325,0.0,1.2284143720649026
1723991477.171003,0.8233160972595215,0.6386271715164185,0.0,1.2381222342525964
1723991477.204003,0.8244418501853943,0.6419069170951843,0.0,1.2421687121707774
1723991477.2880032,0.8270685076713562,0.6496755480766296,0.0,1.247335730128566
1723991477.3210032,0.8281564116477966,0.6529147028923035,0.0,1.2462028218217163
1723991477.4100032,0.8309525847434998,0.6613472104072571,0.0,1.255016667754187
1723991477.4430032,0.8319600820541382,0.6644529700279236,0.0,1.2592008567912798
1723991477.5250032,0.8344380259513855,0.6722702980041504,0.0,1.2684748983280325
1723991477.5580032,0.8353896737098694,0.6753406524658203,0.0,1.2719986341706209
1723991477.6440032,0.8378422260284424,0.6835365891456604,0.0,1.2880728601215308
1723991477.6770031,0.8387688994407654,0.6867465376853943,0.0,1.2914374027726436
1723991477.773003,0.8413721323013306,0.6959792971611023,0.0,1.3005106639243393
1723991477.806003,0.842272162437439,0.6992493271827698,0.0,1.3039134725991361
1723991477.8970032,0.8446428179740906,0.708073616027832,0.0,1.3127716152970816
1723991477.9300032,0.8454964756965637,0.7113298773765564,0.0,1.3160470799824966
1723991478.0250032,0.8478268384933472,0.7204524874687195,0.0,1.3253396039070267
1723991478.0580032,0.8486505746841431,0.7237686514854431,0.0,1.3292921466695298
1723991478.146003,0.8506952524185181,0.7321799397468567,0.0,1.3353751493320134
1723991478.179003,0.8515003323554993,0.7355527281761169,0.0,1.3375838670872235
1723991478.263003,0.8533889055252075,0.7437149286270142,0.0,1.3492487205818662
1723991478.296003,0.8541063666343689,0.7469261288642883,0.0,1.3527157404910048
1723991478.388003,0.8560389876365662,0.7558824419975281,0.0,1.3638279891298115
1723991478.421003,0.8567084074020386,0.7591040134429932,0.0,1.3680127743614292
1723991478.5050032,0.85834801197052,0.7672165632247925,0.0,1.3747361344778146
1723991478.5380032,0.858997106552124,0.7705197334289551,0.0,1.378793049890287
1723991478.6133902,0.860633373260498,0.7792518138885498,0.0,1.3923209395981493
1723991478.6463902,0.8612275719642639,0.7825909852981567,0.0,1.3970645717293826
1723991478.7403903,0.8627653121948242,0.7917004823684692,0.0,1.4100726461667605
1723991478.7733903,0.8632978200912476,0.7950243949890137,0.0,1.4137967634452728
1723991478.8503902,0.8645015954971313,0.8026753664016724,0.0,1.4156825888083944
1723991478.8833902,0.8650166988372803,0.8060020208358765,0.0,1.4186761701457653
1723991478.9773903,0.8663609623908997,0.8150909543037415,0.0,1.4292453270207333
1723991479.0103903,0.8668342232704163,0.8184493780136108,0.0,1.4323524151724196
1723991479.1103902,0.8681630492210388,0.8284094929695129,0.0,1.443976288463476
1723991479.1433902,0.8685890436172485,0.8317998051643372,0.0,1.4476406931601415
1723991479.2233903,0.86953204870224,0.8397167325019836,0.0,1.4568384613771148
1723991479.2563903,0.8699049949645996,0.8430368900299072,0.0,1.4610398223796854
1723991479.3533902,0.870925784111023,0.8527787923812866,0.0,1.4717515517245736
1723991479.3863902,0.8712420463562012,0.8560284972190857,0.0,1.4758017404087507
1723991479.4793904,0.8720875382423401,0.865278959274292,0.0,1.4834968988241417
1723991479.5123904,0.8723666667938232,0.8685320615768433,0.0,1.4869178027316354
1723991479.5903902,0.8729691505432129,0.8761774897575378,0.0,1.4973929125430285
1723991479.6233902,0.8732067346572876,0.8794846534729004,0.0,1.5007551897387026
1723991479.7123902,0.8738005757331848,0.8884503245353699,0.0,1.5085652313353601
1723991479.7453902,0.8740068674087524,0.8918864130973816,0.0,1.5130971262969894
1723991479.8543904,0.8746005296707153,0.9027538299560547,0.0,1.5193436810132073
1723991479.8873904,0.8747655749320984,0.9060654044151306,0.0,1.5226477521794333
1723991479.9703903,0.875128984451294,0.9143339991569519,0.0,1.5311043711584784
1723991480.0033903,0.8752530813217163,0.9175713658332825,0.0,1.53385141810774
1723991480.0943904,0.8755506277084351,0.9266530275344849,0.0,1.542235218354708
1723991480.1273904,0.8756408095359802,0.9299675226211548,0.0,1.5449388526477728
1723991480.2123902,0.8758198618888855,0.9384194016456604,0.0,1.5542959013509088
1723991480.2453902,0.8758695721626282,0.9417347311973572,0.0,1.5573084744690606
1723991480.3273902,0.875957190990448,0.9500361680984497,0.0,1.5631716062598366
1723991480.3603902,0.8759762644767761,0.953301191329956,0.0,1.5667213137533778
1723991480.4443903,0.875972330570221,0.9617043137550354,0.0,1.575803040465485
1723991480.4773903,0.8759509325027466,0.9650705456733704,0.0,1.5785010424289976
1723991480.5743902,0.8758059740066528,0.974662184715271,0.0,1.5933202471403105
1723991480.6073902,0.8757252097129822,0.9780021905899048,0.0,1.5966380382477001
1723991480.6813903,0.8755013942718506,0.9853895306587219,0.0,1.6055319653199467
1723991480.7143903,0.8753799796104431,0.9887030124664307,0.0,1.609306173203413
1723991480.8073902,0.8749771118164062,0.9981353282928467,0.0,1.6176531574864033
1723991480.8403902,0.8748363852500916,1.0010426044464111,0.0,1.62068212612911
1723991480.9353902,0.8742609620094299,1.010567307472229,0.0,1.6415922753280856
1723991480.9683902,0.8740208745002747,1.0138742923736572,0.0,1.6449511381399773
1723991481.0443902,0.8734225034713745,1.0214184522628784,0.0,1.6549337766473033
1723991481.0773902,0.8731361627578735,1.0247217416763306,0.0,1.6595810141096026
1723991481.177584,0.872240424156189,1.0343488454818726,0.0,1.6675604165551319
1723991481.210584,0.8719127774238586,1.0376737117767334,0.0,1.6704853082983362
1723991481.300584,0.8709721565246582,1.04660964012146,0.0,1.6808584304821217
1723991481.333584,0.870601236820221,1.0499299764633179,0.0,1.6832464601520314
1723991481.413584,0.8696961402893066,1.0577493906021118,0.0,1.6888239890230967
1723991481.446584,0.8693028092384338,1.0610162019729614,0.0,1.6924045488382056
1723991481.538584,0.8681246042251587,1.07023024559021,0.0,1.7035458406513102
1723991481.571584,0.8676697015762329,1.0735912322998047,0.0,1.7070931051738396
1723991481.666584,0.8663362264633179,1.0830397605895996,0.0,1.7149088862731188
1723991481.699584,0.8658397197723389,1.0864204168319702,0.0,1.7183163201054106
1723991481.787584,0.8644990921020508,1.0951002836227417,0.0,1.7297604112143468
1723991481.820584,0.8639495968818665,1.0984983444213867,0.0,1.7324794382346238
1723991481.914584,0.8624449968338013,1.1075364351272583,0.0,1.7390373658017213
1723991481.947584,0.8618850708007812,1.110804557800293,0.0,1.7419388245595866
1723991482.024584,0.8605467081069946,1.1184073686599731,0.0,1.7481540199614827
1723991482.057584,0.859955906867981,1.1216700077056885,0.0,1.7517178388848704
1723991482.1555839,0.8581564426422119,1.1311955451965332,0.0,1.7632945806720357
1723991482.1885839,0.8575069308280945,1.1344985961914062,0.0,1.7666075850749705
1723991482.269584,0.855901300907135,1.142437219619751,0.0,1.7741024906802614
1723991482.302584,0.8552168607711792,1.1457332372665405,0.0,1.777000680544101
1723991482.386584,0.8534818291664124,1.153851866722107,0.0,1.7856820334145551
1723991482.419584,0.852778971195221,1.1570403575897217,0.0,1.7898266602634714
1723991482.511584,0.8507532477378845,1.1659760475158691,0.0,1.7976320717621432
1723991482.544584,0.8499848246574402,1.1692794561386108,0.0,1.8010743147123551
1723991482.6225839,0.8481612801551819,1.176858901977539,0.0,1.8127301617055382
1723991482.6555839,0.8473559617996216,1.1801013946533203,0.0,1.8157351329265703
1723991482.752584,0.8449164032936096,1.1896402835845947,0.0,1.8266256480805438
1723991482.785584,0.8440907001495361,1.1927731037139893,0.0,1.8303778177392032
1723991482.8695838,0.8419132232666016,1.200863003730774,0.0,1.837066923043288
1723991482.902584,0.8410427570343018,1.2040361166000366,0.0,1.8400080304118598
1723991482.989584,0.8386760354042053,1.2123888731002808,0.0,1.853799148556302
1723991483.022584,0.8377370238304138,1.2155952453613281,0.0,1.857584759826718
1723991483.108584,0.835297167301178,1.223689317703247,0.0,1.86956333420167
1723991483.141584,0.834324061870575,1.2268325090408325,0.0,1.8725036119979397
1723991483.228584,0.8317243456840515,1.235036015510559,0.0,1.8828686088431354
1723991483.261584,0.8307005763053894,1.238189697265625,0.0,1.8865054757957318
1723991483.344584,0.8281199336051941,1.2460004091262817,0.0,1.893299370715783
1723991483.377584,0.8270566463470459,1.2491676807403564,0.0,1.8960650555795833
1723991483.460584,0.824356198310852,1.2570180892944336,0.0,1.9081491310322671
1723991483.493584,0.8232702612876892,1.2600972652435303,0.0,1.9115303140036384
1723991483.580584,0.8202640414237976,1.2684571743011475,0.0,1.9204667433759015
1723991483.613584,0.8191132545471191,1.271593689918518,0.0,1.9244268912316205
1723991483.7022111,0.8157485127449036,1.2805769443511963,0.0,1.9339230599938992
1723991483.7352111,0.8145565390586853,1.2836980819702148,0.0,1.9372809875334012
1723991483.819211,0.8115195631980896,1.291506052017212,0.0,1.9462092556308115
1723991483.852211,0.8102996349334717,1.2945891618728638,0.0,1.9489257983653903
1723991483.937211,0.8071954846382141,1.3023161888122559,0.0,1.956656286438043
1723991483.970211,0.8059088587760925,1.3054816722869873,0.0,1.9570649454209084
1723991484.0542111,0.8027063012123108,1.3132232427597046,0.0,1.9690144638692801
1723991484.0872111,0.801385760307312,1.3163472414016724,0.0,1.9724276052297363
1723991484.1752112,0.7979090213775635,1.3244125843048096,0.0,1.9831727357429794
1723991484.2082112,0.7965555787086487,1.3274948596954346,0.0,1.9859221892382675
1723991484.293211,0.7931146025657654,1.3351889848709106,0.0,1.9967549058801501
1723991484.3262112,0.7917823195457458,1.3381143808364868,0.0,1.9995534742654375
1723991484.4122112,0.7881810069084167,1.3459023237228394,0.0,2.008302521692343
1723991484.4452112,0.7867812514305115,1.3488801717758179,0.0,2.012133459851406
1723991484.528211,0.7831692695617676,1.3564393520355225,0.0,2.0209648708335872
1723991484.561211,0.781721830368042,1.3594224452972412,0.0,2.024119704517471
1723991484.6562111,0.7775299549102783,1.3679381608963013,0.0,2.032337474564967
1723991484.6892111,0.7760048508644104,1.3709958791732788,0.0,2.0345828676949402
1723991484.770211,0.7723739743232727,1.3781508207321167,0.0,2.046214348746446
1723991484.8032112,0.7708388566970825,1.3811182975769043,0.0,2.0501750669754295
1723991484.8892112,0.7668929696083069,1.3886518478393555,0.0,2.0563939596555936
1723991484.9222112,0.7653177976608276,1.3916269540786743,0.0,2.0590737918314836
1723991485.0182111,0.7607914209365845,1.4000558853149414,0.0,2.0681384098260684
1723991485.051211,0.759181797504425,1.4030123949050903,0.0,2.0705473958638656
1723991485.128211,0.755458652973175,1.4097750186920166,0.0,2.077582147085504
1723991485.161211,0.753868043422699,1.4126265048980713,0.0,2.081670581843922
1723991485.255211,0.7493181228637695,1.4206668138504028,0.0,2.089838325390323
1723991485.288211,0.7476803660392761,1.4235206842422485,0.0,2.093734585129822
1723991485.375211,0.7433105111122131,1.4310222864151,0.0,2.10279256718288
1723991485.408211,0.7416232228279114,1.433876633644104,0.0,2.1065505206004267
1723991485.496211,0.7371217012405396,1.441359043121338,0.0,2.1182521427854484
1723991485.529211,0.7353793382644653,1.4442098140716553,0.0,2.120566196894184
1723991485.6192112,0.7305875420570374,1.4519301652908325,0.0,2.1319802245995345
1723991485.6522112,0.7288177609443665,1.4547340869903564,0.0,2.1356781114342622
1723991485.7352111,0.724370002746582,1.461683988571167,0.0,2.1445048822858297
1723991485.7682111,0.7225539088249207,1.4644882678985596,0.0,2.146455122215274
1723991485.855211,0.7178060412406921,1.4716960191726685,0.0,2.160095031242595
1723991485.888211,0.715945839881897,1.4744713306427002,0.0,2.162494009723909
1723991485.9742112,0.7110783457756042,1.4816293716430664,0.0,2.1734512486105
1723991486.0072112,0.7091946005821228,1.4843579530715942,0.0,2.1765969438117363
1723991486.091211,0.70433109998703,1.4913344383239746,0.0,2.182594118384064
1723991486.124211,0.7024663090705872,1.4939837455749512,0.0,2.1856463662240984
1723991486.207309,0.697219967842102,1.501340627670288,0.0,2.1949065388938336
1723991486.240309,0.6952782273292542,1.5040283203125,0.0,2.197979299843103
1723991486.324309,0.6903066039085388,1.510802984237671,0.0,2.2097967249242867
1723991486.357309,0.6883996725082397,1.5133591890335083,0.0,2.2136844007314185
1723991486.444309,0.6831299066543579,1.5203536748886108,0.0,2.2192772095182036
1723991486.477309,0.6810763478279114,1.5230529308319092,0.0,2.2230342363935867
1723991486.562309,0.675913393497467,1.5297470092773438,0.0,2.2325170681329776
1723991486.595309,0.6738410592079163,1.5323998928070068,0.0,2.235371852291587
1723991486.687309,0.6681563258171082,1.5395855903625488,0.0,2.244824707087658
1723991486.720309,0.666114330291748,1.5421333312988281,0.0,2.2480643646211402
1723991486.811309,0.660402774810791,1.5491678714752197,0.0,2.2574752053717875
1723991486.844309,0.6582977175712585,1.5517295598983765,0.0,2.2598241240308994
1723991486.9383092,0.6522278785705566,1.5589935779571533,0.0,2.273913682309414
1723991486.9713092,0.6500795483589172,1.5615191459655762,0.0,2.2774093949867984
1723991487.048309,0.6450693011283875,1.567325472831726,0.0,2.2880585876382717
1723991487.081309,0.6427198052406311,1.5700117349624634,0.0,2.2907526901625634
1723991487.176309,0.6367186903953552,1.576767086982727,0.0,2.303521440313629
1723991487.209309,0.6344617009162903,1.579264760017395,0.0,2.3077357785603785
1723991487.296309,0.6286340951919556,1.585631251335144,0.0,2.3163250081456273
1723991487.329309,0.626345694065094,1.5881001949310303,0.0,2.3202123895537508
1723991487.416309,0.6203315258026123,1.5945007801055908,0.0,2.3299532596260115
1723991487.449309,0.6179927587509155,1.5969570875167847,0.0,2.3334410809330177
1723991487.532309,0.6122831106185913,1.6028788089752197,0.0,2.3424957348612807
1723991487.565309,0.6099317669868469,1.605287790298462,0.0,2.345670752707257
1723991487.650309,0.6040402054786682,1.6112440824508667,0.0,2.3557818681201415
1723991487.683309,0.6017460823059082,1.6135317087173462,0.0,2.3594618462948262
1723991487.769309,0.5956583619117737,1.6195423603057861,0.0,2.365669548343849
1723991487.802309,0.5932338237762451,1.621914029121399,0.0,2.3687761591219076
1723991487.887309,0.5871303081512451,1.6277997493743896,0.0,2.3799334107432406
1723991487.920309,0.5847637057304382,1.630049228668213,0.0,2.3831892529387373
1723991488.0143092,0.5779076814651489,1.636502742767334,0.0,2.389670185595499
1723991488.0473092,0.5754085779190063,1.6388330459594727,0.0,2.3926055960290915
1723991488.1293092,0.5694538950920105,1.644285798072815,0.0,2.407724433078722
1723991488.1623092,0.5670174360275269,1.6464593410491943,0.0,2.418580573184808
1723991488.250309,0.5603564381599426,1.6522225141525269,0.0,2.4380970783407743
1723991488.283309,0.5577476620674133,1.654429316520691,0.0,2.4408827285312893
1723991488.372309,0.5507903695106506,1.6602346897125244,0.0,2.4515350551957393
1723991488.405309,0.5482305288314819,1.6623420715332031,0.0,2.4541271621493634
1723991488.489309,0.5416901707649231,1.6676583290100098,0.0,2.4640255544527423
1723991488.522309,0.5390825867652893,1.6697471141815186,0.0,2.4684286673445075
1723991488.608309,0.5324419140815735,1.675019383430481,0.0,2.4726942180003317
1723991488.641309,0.5297983288764954,1.6771035194396973,0.0,2.475262928442057
1723991488.7206132,0.5232320427894592,1.6821833848953247,0.0,2.491007606465169
1723991488.7536135,0.5205501317977905,1.684217929840088,0.0,2.4941771501334156
1723991488.8396134,0.5137271285057068,1.6893367767333984,0.0,2.5017016652376687
1723991488.8726134,0.5110235810279846,1.6913424730300903,0.0,2.5048897926148066
1723991488.9586134,0.5041207075119019,1.696395993232727,0.0,2.5144174597375804
1723991488.9916134,0.5014122724533081,1.6983522176742554,0.0,2.517727679390866
1723991489.0756133,0.4947211444377899,1.7031371593475342,0.0,2.5238600122142967
1723991489.1086133,0.492057204246521,1.70502507686615,0.0,2.52626780660143
1723991489.2046134,0.48418885469436646,1.7105122804641724,0.0,2.538980777113826
1723991489.2376134,0.48143380880355835,1.7124022245407104,0.0,2.5416508486075253
1723991489.3156133,0.47485896944999695,1.7168670892715454,0.0,2.548429297180248
1723991489.3486133,0.4720846116542816,1.7187285423278809,0.0,2.552809518387183
1723991489.4516134,0.4634452164173126,1.7244317531585693,0.0,2.563438451694884
1723991489.4846134,0.4606441557407379,1.726252794265747,0.0,2.5667989763757726
1723991489.5706134,0.45348355174064636,1.7308409214019775,0.0,2.5767095618830296
1723991489.6036134,0.45065879821777344,1.7326250076293945,0.0,2.5798175795600495
1723991489.6876132,0.44361400604248047,1.7370173931121826,0.0,2.5883429938728657
1723991489.7206132,0.4408550560474396,1.7387157678604126,0.0,2.591250232622877
1723991489.8116133,0.433107852935791,1.743415355682373,0.0,2.6013844830956603
1723991489.8446133,0.4302392303943634,1.7451280355453491,0.0,2.605321256490251
1723991489.9276133,0.42315441370010376,1.7493079900741577,0.0,2.611812869144465
1723991489.9606133,0.4202693998813629,1.7509928941726685,0.0,2.6141927825861115
1723991490.0476134,0.4127655327320099,1.7553082704544067,0.0,2.6251872232643545
1723991490.0806134,0.40992316603660583,1.7569149732589722,0.0,2.628996182762589
1723991490.1666133,0.4023677706718445,1.7611395120620728,0.0,2.6345220122020288
1723991490.1996133,0.3994884788990021,1.7627321481704712,0.0,2.638176746353535
1723991490.2816133,0.39226239919662476,1.766662836074829,0.0,2.648619000775242
1723991490.3146133,0.38931694626808167,1.7682397365570068,0.0,2.651465726611843
1723991490.4036133,0.3814202845096588,1.7724195718765259,0.0,2.6580670683914946
1723991490.4366133,0.3784368634223938,1.77397882938385,0.0,2.6619175245867304
1723991490.5226133,0.3707882761955261,1.7779229879379272,0.0,2.66906484087022
1723991490.5556133,0.36776572465896606,1.7794616222381592,0.0,2.6724060350215555
1723991490.6416132,0.36011916399002075,1.7832980155944824,0.0,2.6807325634737715
1723991490.6746132,0.3570335805416107,1.7848238945007324,0.0,2.683945496332428
1723991490.7586133,0.3495674431324005,1.7884541749954224,0.0,2.694102827869172
1723991490.7916133,0.346553236246109,1.7898952960968018,0.0,2.697113809084068
1723991490.8756135,0.3390448987483978,1.7934373617172241,0.0,2.704478548909729
1723991490.9086134,0.3359690308570862,1.7948664426803589,0.0,2.708827796145737
1723991490.9936132,0.3285343647003174,1.7982667684555054,0.0,2.7164352664725135
1723991491.0266135,0.3254421055316925,1.7996599674224854,0.0,2.720115473647785
1723991491.1076133,0.3180747628211975,1.8029011487960815,0.0,2.734149999849921
1723991491.1406133,0.3149343729019165,1.8042478561401367,0.0,2.738825368663072
1723991491.242612,0.3058912754058838,1.8080120086669922,0.0,2.7554944138344504
1723991491.2756119,0.3026770353317261,1.8093130588531494,0.0,2.7584675017786298
1723991491.3536117,0.29543566703796387,1.8122001886367798,0.0,2.7659555170641137
1723991491.386612,0.2923256754875183,1.8134210109710693,0.0,2.7691152654947597
1723991491.4796119,0.2837340831756592,1.8167475461959839,0.0,2.7752502471523277
1723991491.5126119,0.28066083788871765,1.8179230690002441,0.0,2.7772556053471447
1723991491.6186118,0.27070772647857666,1.8216570615768433,0.0,2.7881139095529437
1723991491.6516118,0.2675243020057678,1.8228271007537842,0.0,2.790667354435304
1723991491.7316117,0.2600230574607849,1.825528621673584,0.0,2.801167773175505
1723991491.7646117,0.25694340467453003,1.826613187789917,0.0,2.804769328163084
1723991491.8586118,0.2480425238609314,1.8296836614608765,0.0,2.814065284531751
1723991491.8916118,0.24492503702640533,1.8307362794876099,0.0,2.8178680497112816
1723991491.982612,0.23634541034698486,1.8335713148117065,0.0,2.827020942130298
1723991492.015612,0.2332385778427124,1.8345755338668823,0.0,2.8309290997118297
1723991492.0966117,0.22563107311725616,1.8369613885879517,0.0,2.8444431537334283
1723991492.1296117,0.2224350869655609,1.8379350900650024,0.0,2.8473125077032986
1723991492.2216117,0.21362806856632233,1.8405526876449585,0.0,2.8580723303123676
1723991492.2546117,0.21049168705940247,1.8414603471755981,0.0,2.861723720845448
1723991492.334612,0.20279724895954132,1.8436435461044312,0.0,2.8685148323168432
1723991492.367612,0.1994813233613968,1.8445675373077393,0.0,2.871161053445355
1723991492.459612,0.19063465297222137,1.8469523191452026,0.0,2.88540558611266
1723991492.4936118,0.18730348348617554,1.8478196859359741,0.0,2.8883131072413963
1723991492.5836117,0.17859669029712677,1.8500393629074097,0.0,2.8956237555043947
1723991492.6166117,0.17545285820960999,1.850821852684021,0.0,2.899650878268898
1723991492.6976118,0.16760535538196564,1.8527213335037231,0.0,2.9085696423210328
1723991492.7306118,0.16435350477695465,1.8534880876541138,0.0,2.911510763819145
1723991492.8156118,0.15593960881233215,1.8554115295410156,0.0,2.9221964483841054
1723991492.8486118,0.15267759561538696,1.8561338186264038,0.0,2.9251979079835055
1723991492.9306118,0.1447330266237259,1.857835292816162,0.0,2.936023533455908
1723991492.9636118,0.14143642783164978,1.8585169315338135,0.0,2.939389766998
1723991493.0506117,0.13282546401023865,1.8602458238601685,0.0,2.947512448656939
1723991493.084612,0.12959547340869904,1.8608733415603638,0.0,2.951883621201472
1723991493.1726117,0.12093651294708252,1.8624874353408813,0.0,2.9627173472622865
1723991493.2056117,0.11759842932224274,1.863087773323059,0.0,2.964606829584921
1723991493.2856119,0.10976571589708328,1.864434003829956,0.0,2.9781683154489786
1723991493.3186119,0.10659320652484894,1.8649516105651855,0.0,2.9815464751442806
1723991493.4106119,0.09744154661893845,1.8663880825042725,0.0,2.990256852599697
1723991493.4436119,0.09421300888061523,1.866875171661377,0.0,2.9934390320079363
1723991493.5296118,0.08559440821409225,1.8681118488311768,0.0,3.0047052612659897
1723991493.5636117,0.08233416080474854,1.868556261062622,0.0,3.007552454037412
1723991493.6516118,0.07357189804315567,1.8696752786636353,0.0,3.0215831455353017
1723991493.6846118,0.0702795535326004,1.8700681924819946,0.0,3.024077475677106
1723991493.7839043,0.061124298721551895,1.8710988759994507,0.0,3.0348892796897338
1723991493.8169043,0.05780183523893356,1.871450424194336,0.0,3.037458719248264
1723991493.9069042,0.048887573182582855,1.8723543882369995,0.0,3.0435949028072296
1723991493.9399042,0.045587100088596344,1.8726718425750732,0.0,3.047834697468978
1723991494.0169044,0.03784698620438576,1.8733570575714111,0.0,3.058764281591952
1723991494.0509043,0.03449171409010887,1.8736295700073242,0.0,3.0623391301654177
1723991494.1349044,0.02608688361942768,1.8742601871490479,0.0,3.0710566696077213
1723991494.1679044,0.022778956219553947,1.874487042427063,0.0,3.0751591364777875
1723991494.2589042,0.013760381378233433,1.8750466108322144,0.0,3.084102694772584
1723991494.2919042,0.010449782013893127,1.8752304315567017,0.0,3.088131729497043
1723991494.3789043,0.0018292609602212906,1.8756544589996338,0.0,3.096752947010665
1723991494.4119043,-0.0014833493623882532,1.8757975101470947,0.0,3.1000860357526236
1723991494.4949043,-0.009603168815374374,1.8760799169540405,0.0,3.113559548362312
1723991494.5279043,-0.012943008914589882,1.8761683702468872,0.0,3.1166885537725624
1723991494.6179042,-0.022028030827641487,1.876334309577942,0.0,3.1299718060290753
1723991494.6509042,-0.02534358575940132,1.876365303993225,0.0,3.1345363302170446
1723991494.7319043,-0.03334170952439308,1.8763943910598755,0.0,3.1413801352087067
1723991494.7649043,-0.036733340471982956,1.876391053199768,0.0,-3.139432907011068
1723991494.8629043,-0.04640181362628937,1.8763272762298584,0.0,-3.130570888574366
1723991494.8959043,-0.0497678704559803,1.8762850761413574,0.0,-3.127512931840563
1723991494.9879043,-0.05895413085818291,1.8761179447174072,0.0,-3.1192989357132817
1723991495.0209043,-0.06231948733329773,1.876037359237671,0.0,-3.1160097106199296
1723991495.1079042,-0.07114940136671066,1.8757880926132202,0.0,-3.1107199185449304
1723991495.1409042,-0.07443801313638687,1.8756800889968872,0.0,-3.1067714697568216
1723991495.2319043,-0.08369462192058563,1.8753173351287842,0.0,-3.098087071194535
1723991495.2649043,-0.08698160946369171,1.8751678466796875,0.0,-3.0941820121851937
1723991495.3469043,-0.09504508227109909,1.874753475189209,0.0,-3.0863177766360326
1723991495.3799043,-0.09843121469020844,1.8745604753494263,0.0,-3.0829894518849326
1723991495.4669044,-0.10714637488126755,1.8740153312683105,0.0,-3.0752673109865594
1723991495.5009043,-0.11042913049459457,1.8737913370132446,0.0,-3.0716538446958603
1723991495.5939043,-0.11974180489778519,1.873082160949707,0.0,-3.0595102273122348
1723991495.6279042,-0.12314681708812714,1.872796893119812,0.0,-3.05648207497162
1723991495.7139044,-0.1316424161195755,1.8720349073410034,0.0,-3.047787188857897
1723991495.7479043,-0.13496822118759155,1.8717164993286133,0.0,-3.0444836563411046
1723991495.8529043,-0.14554299414157867,1.8706295490264893,0.0,-3.0338363652031406
1723991495.8869042,-0.14861243963241577,1.8702924251556396,0.0,-3.0305294978435264
1723991495.9809043,-0.15336494147777557,1.8697468042373657,0.0,-3.0240247238405167
1723991496.0149043,-0.15396817028522491,1.8696752786636353,0.0,-3.022996428296922
1723991496.0979042,-0.15421949326992035,1.8696452379226685,0.0,-3.022262574147466
1723991496.1319044,-0.15424461662769318,1.8696422576904297,0.0,-3.0222344359227207
1723991496.2189043,-0.15419435501098633,1.8696483373641968,0.0,-3.0220642086888794
1723991496.2529042,-0.15419435501098633,1.8696483373641968,0.0,-3.022115711036194
1723991496.3308156,-0.15419435501098633,1.8696483373641968,0.0,-3.022245887426646
1723991496.3648155,-0.15419435501098633,1.8696483373641968,0.0,-3.02220654312948
1723991496.4618156,-0.15424461662769318,1.8696422576904297,0.0,-3.0221967646940984
1723991496.4958155,-0.15419435501098633,1.8696483373641968,0.0,-3.0222008248144485
1723991496.6048155,-0.15419435501098633,1.8696483373641968,0.0,-3.0222239509426845
1723991496.6388156,-0.15419435501098633,1.8696483373641968,0.0,-3.0221839001010466
1723991496.7308156,-0.15424461662769318,1.8696422576904297,0.0,-3.022120239705579
1723991496.7648156,-0.15419435501098633,1.8696483373641968,0.0,-3.0221252443618196
1723991496.8668156,-0.15424461662769318,1.8696422576904297,0.0,-3.022181513050319
