time,x,y,z
19.806,-0.7000211753400308,1.131574463579424e-05,-0.0010013929463733202
19.839,-0.7000211785582298,1.1334681743518877e-05,-0.0010013929464019293
19.872,-0.7000211817764421,1.135361889322202e-05,-0.0010013929464305557
19.906,-0.7000211850921904,1.137312993972516e-05,-0.0010013929464600287
19.939,-0.70002118831043,1.1392067174619757e-05,-0.0010013929464886585
19.972,-0.7000211915286836,1.1411004451392186e-05,-0.0010013929465172607
20.006,-0.7000211948444739,1.1430515628955847e-05,-0.0010013929465467544
20.039,-0.7000211980627545,1.1449452990918225e-05,-0.0010013929465753843
20.072,-0.7000212012810488,1.1468390394825456e-05,-0.0010013929466040038
20.106,-0.7000212045968814,1.1487901703302532e-05,-0.0010013929466334871
20.139,-0.700021207815203,1.1506839192411702e-05,-0.00100139294666211
20.172,-0.7000212110335383,1.1525776723417501e-05,-0.001001392946690726
20.206,-0.7000212143494129,1.154528816289896e-05,-0.0010013929467202198
20.239,-0.7000212175677757,1.1564225779055506e-05,-0.0010013929467488358
20.272,-0.7000212207861518,1.1583163437201583e-05,-0.0010013929467774657
20.306,-0.7000212241020686,1.1602675007614326e-05,-0.0010013929468069421
20.339,-0.7000212273204723,1.1621612750943702e-05,-0.001001392946835572
20.373,-0.7000212305388894,1.1640550536188769e-05,-0.001001392946864195
20.405,-0.7000212338548485,1.1660062237597083e-05,-0.0010013929468936783
20.44,-0.7000212370732932,1.1679000108032337e-05,-0.0010013929469223116
20.472,-0.7000212402917512,1.1697938020400508e-05,-0.0010013929469509276
20.506,-0.7000212436077525,1.1717449852776886e-05,-0.0010013929469804145
20.54,-0.7000212468262381,1.1736387850333402e-05,-0.0010013929470090374
20.572,-0.700021250044737,1.1755325889798051e-05,-0.0010013929470376673
20.606,-0.7000212533607806,1.1774837853127284e-05,-0.001001392947067161
20.639,-0.700021256579307,1.1793775977774843e-05,-0.001001392947095784
20.672,-0.700021259797847,1.1812714144389046e-05,-0.0010013929471244035
20.706,-0.7000212631139326,1.183222623872029e-05,-0.0010013929471538938
20.739,-0.7000212663324998,1.185116449047291e-05,-0.0010013929471825236
20.772,-0.7000212695510808,1.1870102784208455e-05,-0.0010013929472111605
20.806,-0.7000212728672086,1.188961500950733e-05,-0.0010013929472406403
20.84,-0.7000212760858168,1.1908553388390493e-05,-0.0010013929472692633
20.872,-0.7000212793044388,1.1927491809248623e-05,-0.0010013929472978932
20.906,-0.7000212826206088,1.1947004165511204e-05,-0.001001392947327387
20.939,-0.700021285839258,1.1965942671550121e-05,-0.0010013929473560168
20.973,-0.7000212890579209,1.1984881219530248e-05,-0.0010013929473846432
21.006,-0.700021292374133,1.200439370674287e-05,-0.001001392947414137
21.039,-0.7000212955928232,1.2023332339873005e-05,-0.0010013929474427634
21.072,-0.700021298811527,1.2042271014983305e-05,-0.0010013929474713933
21.106,-0.7000213021277815,1.2061783633210351e-05,-0.001001392947500887
21.139,-0.7000213053465127,1.2080722393484248e-05,-0.0010013929475295238
21.171,-0.7000213085652573,1.2099661195701145e-05,-0.0010013929475581503
21.206,-0.7000213118815539,1.2119173944886937e-05,-0.0010013929475876406
21.239,-0.7000213151003262,1.213811283228956e-05,-0.0010013929476162635
21.272,-0.7000213183191117,1.2157051761651454e-05,-0.0010013929476448968
21.306,-0.7000213216354505,1.217656464186247e-05,-0.001001392947674401
21.339,-0.7000213248542637,1.2195503656363099e-05,-0.0010013929477030309
21.372,-0.7000213280730901,1.2214442712898086e-05,-0.0010013929477316677
21.406,-0.7000213313894712,1.2233955724025205e-05,-0.0010013929477611615
21.439,-0.7000213346083253,1.2252894865733757e-05,-0.0010013929477897948
21.472,-0.7000213378271928,1.2271834049291925e-05,-0.0010013929478184178
21.506,-0.700021341143616,1.2291347191470885e-05,-0.0010013929478479185
21.539,-0.7000213443625111,1.2310286460226319e-05,-0.0010013929478765518
21.572,-0.7000213475814197,1.2329225771027174e-05,-0.001001392947905192
21.606,-0.700021350897885,1.2348739044114071e-05,-0.0010013929479346859
21.639,-0.7000213541168208,1.2367678440028939e-05,-0.0010013929479633192
21.672,-0.7000213573357704,1.2386617877872926e-05,-0.0010013929479919526
21.706,-0.7000213606522779,1.2406131281986422e-05,-0.0010013929480214533
21.738,-0.7000213638712549,1.2425070805022156e-05,-0.0010013929480500866
21.772,-0.7000213670902454,1.2444010370036191e-05,-0.0010013929480787234
21.806,-0.7000213704067951,1.2463523905134666e-05,-0.0010013929481082241
21.839,-0.7000213736258128,1.248246355527858e-05,-0.0010013929481368505
21.872,-0.7000213768448442,1.2501403247427089e-05,-0.0010013929481654874
21.906,-0.7000213801614361,1.2520916913487337e-05,-0.001001392948194988
21.939,-0.7000213833804949,1.253985669079621e-05,-0.0010013929482236283
21.972,-0.7000213865995671,1.2558796510044636e-05,-0.0010013929482522617
22.006,-0.7000213899162012,1.257831030715476e-05,-0.001001392948281759
22.039,-0.700021393135301,1.2597250211555449e-05,-0.0010013929483103888
22.072,-0.7000213963544142,1.261619015793533e-05,-0.001001392948339029
22.106,-0.7000213996710906,1.263570408599297e-05,-0.0010013929483685367
22.139,-0.7000214028902313,1.2654644117592008e-05,-0.001001392948397177
22.172,-0.7000214061093853,1.2673584191117258e-05,-0.0010013929484258138
22.206,-0.7000214094261039,1.269309825011548e-05,-0.001001392948455325
22.239,-0.7000214126452856,1.2712038408836295e-05,-0.0010013929484839548
22.272,-0.7000214158644806,1.273097860954343e-05,-0.0010013929485125882
22.306,-0.7000214191812414,1.2750492799514718e-05,-0.0010013929485421062
22.339,-0.6995833509115899,1.2999299537452996e-05,-0.0010010688503987938
22.372,-0.6982906151283188,1.3225385797924152e-05,-0.001001131972924077
22.406,-0.6960632848796001,1.3544491313913649e-05,-0.0010012285186126978
22.439,-0.6930392390116312,1.3868361466238502e-05,-0.0010013572479202829
22.472,-0.6891886324442218,1.4167570709781471e-05,-0.0010015227688179341
22.506,-0.6844054260864679,1.484607908152249e-05,-0.0010016986548318507
22.539,-0.6794782911023891,1.29402897904316e-05,-0.0010017238829287713
22.572,-0.6745639615441278,3.159308846431053e-06,-0.0010018325822735326
22.606,-0.6695014148062529,-1.533501304994862e-05,-0.0010019245922192263
22.639,-0.6647978268918996,-3.887927075185765e-05,-0.0010007319181112063
22.672,-0.660433828423743,-6.692804556715908e-05,-0.0010006661004907207
22.706,-0.6561749742495147,-9.977588860242245e-05,-0.0010016418382403983
22.739,-0.6521603226462657,-0.0001414439033525536,-0.0010021185601417036
22.772,-0.6482657543271279,-0.0001783629842724817,-0.0010025133324310376
22.806,-0.6444359214027485,-0.0002160733562141702,-0.001001288402905167
22.839,-0.6409099958530399,-0.00025305073531759604,-0.001001911796414956
22.871,-0.6377886096619807,-0.0002873687229650914,-0.0010011096502648524
22.906,-0.6346758006609933,-0.0003219225504299218,-0.0010016812363853218
22.939,-0.6317318101548163,-0.0003550616844641409,-0.0010015192329657606
22.971,-0.6290631469906444,-0.00038635713345541766,-0.0010016378041934788
23.006,-0.6263952989911797,-0.0004168662340503707,-0.0010015257194551236
23.039,-0.6238215551964298,-0.00044663506281034625,-0.0010014975559715124
23.072,-0.6215402957889054,-0.0004743033648111427,-0.0010015045883627546
23.106,-0.6192569086101068,-0.0005022172606454386,-0.0010014580536032054
23.139,-0.6172237961299979,-0.0005269977341345356,-0.0010014028905773568
23.172,-0.6152065072498955,-0.0005510959347448155,-0.001001425561981198
23.206,-0.6131277662688528,-0.0005754146840695735,-0.001001415148035121
23.239,-0.6113781446610015,-0.0005954325595338015,-0.0010013576270237884
23.272,-0.6096685147913448,-0.0006142417109272828,-0.0010014045935153558
23.306,-0.6079067879885149,-0.0006328404666273198,-0.0010013978586610045
23.339,-0.6063665074485197,-0.0006484507707347557,-0.001001408434609028
23.372,-0.6048381569414615,-0.0006633555281342167,-0.0010013943467183997
23.407,-0.6032632149769593,-0.000678105701922858,-0.0010013947580663624
23.439,-0.6015683292179944,-0.0006936989937077707,-0.001001385523523822
23.472,-0.5998565995191187,-0.0007098256511976185,-0.0010013959933138326
23.506,-0.5980926822322061,-0.000726970809983458,-0.001001403761853304
23.539,-0.5959416124522959,-0.0007484269773001904,-0.0010012041101919722
23.572,-0.5937515188262753,-0.0007712287544687755,-0.0010014555492318077
23.606,-0.5916046881178926,-0.0007939049726221582,-0.0010014649776314173
23.639,-0.589378020423216,-0.0008178183773981602,-0.001001484261998753
23.672,-0.5871392898652357,-0.0008423080527481099,-0.001001514475979872
23.706,-0.5848322906107032,-0.0008679976057391329,-0.0010015430147995719
23.739,-0.5824537385163074,-0.0008946747711228521,-0.0010015721755636982
23.772,-0.5800595012385081,-0.0009205268970817879,-0.0010016101069957664
23.806,-0.5775920020668374,-0.000946086438634282,-0.0010016415016220713
23.839,-0.5751575205454227,-0.0009704539736780169,-0.0010016968068410938
23.872,-0.572722015006813,-0.00099447515538659,-0.0010017521548607161
23.906,-0.5702126393133805,-0.0010188439622340134,-0.0010018014049749877
23.939,-0.5676341066089803,-0.001043640143121107,-0.0010018586156270333
23.972,-0.56503306930273,-0.0010688346319499857,-0.001001910627409168
24.006,-0.562353792519675,-0.001094980440991119,-0.0010019549837114484
24.039,-0.5596716684366803,-0.0011215118025590912,-0.0010021084966519815
24.072,-0.5569802811107855,-0.0011486462243792204,-0.0010020639157442487
24.106,-0.5542088509931634,-0.001176995768243597,-0.0010021100659498156
24.139,-0.5515031924720079,-0.0012059757255468064,-0.0010024095427083046
24.172,-0.5488160807746298,-0.0012343987757443785,-0.0010018658495223043
24.206,-0.5460810376207115,-0.0012647272530920126,-0.001000694802193381
24.239,-0.5433800981776318,-0.0012960556979801862,-0.0010009748233863192
24.272,-0.5406157705165469,-0.0013294617555403786,-0.0010012603239467517
24.306,-0.5377134735190926,-0.0013648867866718293,-0.0010016846517341901
24.339,-0.5348437691012804,-0.0013984865768588524,-0.001001657991815546
24.372,-0.5319731869062437,-0.0014313125101433394,-0.0010016734581461545
24.406,-0.5290156909832286,-0.0014642953801605272,-0.0010016194379246501
24.439,-0.5260510240328462,-0.0014964363266191643,-0.0010015693716180461
24.472,-0.5230743155220976,-0.00152715068866897,-0.0010015292438387002
24.506,-0.5200069292765519,-0.0015570899024033417,-0.0010014968216324645
24.539,-0.5170172485075044,-0.001585332030752534,-0.0010014667320001093
24.572,-0.514026760745394,-0.0016137102005523542,-0.001001443804577097
24.607,-0.510945102922007,-0.001643080786261259,-0.001001422463732051
24.639,-0.507908092339788,-0.0016718627406971485,-0.001001400909751371
24.672,-0.5048696005363467,-0.0017000033125440248,-0.001001400502900117
24.706,-0.5017384904200066,-0.0017283238845849757,-0.0010013986741685202
24.739,-0.4986547782141098,-0.001755537042940076,-0.0010013962234064998
24.772,-0.4955700321295485,-0.0017820575581825792,-0.0010014134430057567
24.806,-0.49239122878998276,-0.001808658465455222,-0.0010014313338385025
24.839,-0.489290646082014,-0.0018341174543915284,-0.0010014554099908833
24.872,-0.4861893559594575,-0.0018594314876621255,-0.0010014835743641128
24.906,-0.4829934336016581,-0.0018853662598552906,-0.0010015221394342536
24.939,-0.47986977729991104,-0.0019107896426455702,-0.0010015988665875823
24.972,-0.47674529204479255,-0.0019377085683148128,-0.0010016430654424674
25.006,-0.47352554386945933,-0.001966626912364232,-0.0010016965344712032
25.039,-0.4703738338341222,-0.001996022010121511,-0.0010017539757779907
25.071,-0.46722173738092415,-0.00202613453815956,-0.0010018206465069318
25.106,-0.4639744895639749,-0.0020580087947391925,-0.001001876645702008
25.139,-0.4608079651447591,-0.0020896165751464264,-0.0010019281539322966
25.172,-0.45764204388991336,-0.0021212654443808995,-0.0010019827967958223
25.206,-0.45438123496448957,-0.002153936048113859,-0.0010020438393206661
25.239,-0.45121321833900485,-0.0021850712107682854,-0.001002199644269338
25.272,-0.44803265988066093,-0.002213376908839662,-0.0010021059423549576
25.306,-0.44479540092546443,-0.002225214788247626,-0.0010018844628892215
25.339,-0.44168283499645544,-0.0022509310533157883,-0.0010008101497246888
25.372,-0.4385113501059442,-0.00228047496957749,-0.0010015109772419928
25.406,-0.4352097639637596,-0.0023122174946529728,-0.0010017419638248433
25.439,-0.4320008957960471,-0.002342486907145694,-0.0010016955750620955
25.472,-0.42879190972068026,-0.0023717156671572153,-0.0010016751003630309
25.506,-0.42548571769542093,-0.0024007417586376398,-0.0010016188527061445
25.539,-0.42226194221912333,-0.0024285318381566333,-0.0010015639156858262
25.572,-0.4190376510592794,-0.0024565674540838727,-0.0010015149276214642
25.606,-0.4157151186792196,-0.00248569590437944,-0.0010014816970439766
25.639,-0.4124882900322507,-0.0025142838998616778,-0.0010014517698001234
25.672,-0.409260835339954,-0.002543244996970433,-0.0010014306521190786
25.706,-0.4059349526437357,-0.002573483521812159,-0.0010014150515891239
25.739,-0.40270462314335076,-0.0026029000172083845,-0.0010014026708182015
25.772,-0.39947376321247824,-0.002631861415899659,-0.0010013984228520768
25.806,-0.39614441630096975,-0.002661235278817587,-0.001001401912989485
25.839,-0.39289045491804736,-0.0026896132347217112,-0.0010014070698002725
25.872,-0.3896357614049186,-0.002717854919618385,-0.001001427497539481
25.906,-0.386281828700037,-0.0027468162396747063,-0.0010014514793527177
25.939,-0.3830356194710176,-0.002774587335793474,-0.0010014828924397867
25.972,-0.37978887461832905,-0.0028019295115994597,-0.0010015126043529943
26.006,-0.3764429091860834,-0.0028296710505852857,-0.0010015521624595174
26.039,-0.37319044853597133,-0.0028561141051324525,-0.0010015966989725504
26.072,-0.3699371716376221,-0.0028819001572930113,-0.0010016536289145402
26.106,-0.3665846838451518,-0.0029077525784441563,-0.0010017280429489156
26.139,-0.36330148148110925,-0.0029327507194767386,-0.0010018538881857095
26.172,-0.36001799269222334,-0.0029593143684151202,-0.0010018993046615882
26.206,-0.35663562869333915,-0.0029878938115267834,-0.0010019495421524742
26.239,-0.3533608841967038,-0.0030163238891757725,-0.0010019872119457415
26.272,-0.3500875716919174,-0.0030446427090086515,-0.0010020630601696966
26.306,-0.34671725750901505,-0.003073685451809861,-0.001002170916946616
26.34,-0.34346039315030896,-0.0030991857289635783,-0.0010021413887345045
26.372,-0.3402504676336292,-0.0031260886867335758,-0.0010011111320903758
26.406,-0.33693444826523566,-0.003156809786759416,-0.0010013544511260075
26.439,-0.3336864524524662,-0.00318856357462042,-0.0010014270390246577
26.472,-0.3304111893606624,-0.0032199430745323094,-0.0010017110277113044
26.506,-0.3270371801305516,-0.003250942980989277,-0.0010016969323490277
26.539,-0.32377029793643536,-0.003279018192840058,-0.0010016473152878388
26.572,-0.32050292235879657,-0.0033041598820809813,-0.0010015940764792758
26.606,-0.31713609776561724,-0.0033269998222960765,-0.0010015433585035191
26.639,-0.31383136034133646,-0.0033474363964940417,-0.0010015173120228697
26.672,-0.3105244150216501,-0.0033675238199800243,-0.0010014758433327837
26.706,-0.3071166975840362,-0.0033878447867650547,-0.0010014477488078342
26.739,-0.3038115028367029,-0.0034074572656560688,-0.0010014223595926387
26.772,-0.30050573698823474,-0.0034273606145877322,-0.001001408958413573
26.806,-0.2970991919190978,-0.0034481698496096145,-0.0010014012803117832
26.839,-0.2937935813369407,-0.0034686548071220574,-0.001001401170902222
26.872,-0.2904874059488383,-0.003489424681453332,-0.0010014091107221415
26.906,-0.2870804379652237,-0.003511127779375766,-0.001001422722052711
26.939,-0.2837953282401959,-0.00353197222312109,-0.0010014444584781242
26.972,-0.2805097947676161,-0.003552171915214392,-0.0010014734875800346
27.006,-0.2771241201566188,-0.0035723439579536664,-0.00100150773531189
27.039,-0.27384573389710565,-0.0035910247895759697,-0.001001557503132508
27.072,-0.2705668053128931,-0.0036085450109490523,-0.00100159778600728
27.106,-0.2671875285574112,-0.003625435857969823,-0.0010016334936404567
27.139,-0.26389346557942095,-0.003641065755389707,-0.0010017336040036955
27.172,-0.2605990923931778,-0.003656538478978924,-0.0010018079599916282
27.206,-0.25720520501729455,-0.003672335356793655,-0.001001868347658301
27.239,-0.253888009557304,-0.0036882895931952004,-0.0010019303036925623
27.272,-0.2505712677776426,-0.003705576936365147,-0.0010019955739466284
27.306,-0.24715524042719114,-0.003724866467522582,-0.0010020686029911727
27.339,-0.2438618496488262,-0.003744357884669039,-0.0010022627439841454
27.372,-0.2405756296342101,-0.0037646042102658906,-0.00100222491741404
27.406,-0.2372374848276786,-0.0037861692288789503,-0.0010011987007008082
27.439,-0.23400443376568641,-0.0038073856461389175,-0.0010012105022518779
27.472,-0.2307332882036054,-0.003830286592693783,-0.0010014817507721166
27.506,-0.22734586583463484,-0.0038536243562699666,-0.0010017259144627089
27.539,-0.22403777164195132,-0.003875724450927143,-0.0010016785563846074
27.572,-0.22072968144644037,-0.003897229978940418,-0.0010016628706444597
27.606,-0.21732127941942525,-0.003918759136689189,-0.0010016017441837818
27.639,-0.2140422645095894,-0.003938312967651523,-0.0010015384648725534
27.672,-0.21076312873430073,-0.00395592001908736,-0.0010015094913179354
27.706,-0.20738410130485338,-0.0039720356766581675,-0.0010014784929353558
27.739,-0.2040747310327671,-0.0039866969178640535,-0.0010014492840243194
27.772,-0.20076403013143482,-0.0040015454251395525,-0.0010014262789020296
27.806,-0.19735240458990183,-0.00401702033172483,-0.0010014104669803653
27.839,-0.19405915630970338,-0.004031766145707252,-0.001001405790018367
27.873,-0.19076550245288904,-0.004045773829997994,-0.0010014016850578254
27.906,-0.18737144071135528,-0.0040594553790098045,-0.001001404583622252
27.939,-0.1840683773481434,-0.004072360299905486,-0.0010014177311210952
27.972,-0.18076465262933608,-0.004085361708789056,-0.001001440532533853
28.006,-0.17736018727258668,-0.004098853130909584,-0.001001470059807212
28.039,-0.1740491818341223,-0.004112526703552893,-0.0010014972224020938
28.072,-0.170737491338431,-0.0041270733753239535,-0.0010015437743793494
28.106,-0.16732480439610678,-0.004143080686165248,-0.001001593486550472
28.139,-0.1640154735539694,-0.00415925838979086,-0.0010016660792731662
28.172,-0.16070565237740475,-0.0041761412251250804,-0.001001735403245059
28.206,-0.15729521438319502,-0.004194099976527589,-0.0010018117526478867
28.239,-0.15401069448305799,-0.004211454048989428,-0.0010018137993562486
28.272,-0.15072717251960485,-0.004227639022929415,-0.0010018716186725556
28.306,-0.1473447215501039,-0.004243087860662826,-0.0010019368989774638
28.339,-0.1440560165738167,-0.004256988097817429,-0.00100203837535158
28.372,-0.14076888138286575,-0.004269978365608257,-0.0010021311396655672
28.406,-0.13739423763240954,-0.004282000156466257,-0.0010021365317046324
28.439,-0.1341668671507315,-0.004293687485689276,-0.00100124736690518
28.472,-0.13095186409536827,-0.0043054232706696265,-0.001000770121511535
28.506,-0.12757377325291033,-0.0043191489991737855,-0.001001917800443234
28.539,-0.12427861606659116,-0.00433276750496932,-0.0010017654335495695
28.572,-0.12098353812305185,-0.004346056505951218,-0.0010017028527940022
28.606,-0.11758888119828456,-0.004359457657566083,-0.0010016663256463658
28.639,-0.11427348942384966,-0.004372444036800398,-0.0010016182560396505
28.672,-0.110957561375381,-0.0043863411180927675,-0.0010015501842740443
28.706,-0.10754056638129471,-0.00440131641954907,-0.0010015077376474071
28.739,-0.1042248778805751,-0.004416490058938837,-0.0010014695102728219
28.772,-0.10090858546301909,-0.004431860859144656,-0.001001442683698367
28.806,-0.09749102757529078,-0.004448063568788897,-0.0010014287506095038
28.839,-0.09419747354506842,-0.004463667837603826,-0.0010014185917006369
28.872,-0.09090357247412238,-0.004478642938511567,-0.0010014022098774403
28.906,-0.08750926477032693,-0.004493452418540908,-0.001001397275075474
28.939,-0.08420694673430876,-0.004507351957259092,-0.0010014005307060272
28.972,-0.08090399395344147,-0.004520896017334702,-0.0010014140672772384
29.006,-0.07750033173459386,-0.004534482444266739,-0.001001435369349015
29.039,-0.074191892647966,-0.004547215853372691,-0.0010014630571402762
29.072,-0.0708828497268156,-0.004559331224086748,-0.001001495958964621
29.106,-0.06747283745313933,-0.004571196064275676,-0.0010015304324083492
29.139,-0.06415934250689286,-0.004582784111444266,-0.0010015866518197393
29.172,-0.060845190743504675,-0.004595238900751286,-0.0010016456990637572
29.206,-0.05743003006419526,-0.0046090645975477825,-0.0010017204366122405
29.239,-0.05412205954933399,-0.004623001171010559,-0.0010018204269199686
29.272,-0.05081437339344989,-0.004637863462224135,-0.0010018750464367912
29.306,-0.047407005986057744,-0.004653785710503134,-0.001001929142661992
29.339,-0.04409970767403392,-0.004669642384005291,-0.001001974127152666
29.372,-0.04079351550117866,-0.004685237150208253,-0.00100204118684288
29.406,-0.03738906214402552,-0.004701230297791633,-0.0010021424395205009
29.439,-0.03411426214074998,-0.004715924367505439,-0.0010020282328680706
29.472,-0.03089951718785701,-0.004721966856094707,-0.0010013443884303898
29.506,-0.027603166008472783,-0.004736101679523603,-0.0010010525583710496
29.539,-0.024334842898498837,-0.004751240771189302,-0.0010016604450285814
29.572,-0.021035081668115952,-0.0047676951788885365,-0.0010017734410747228
29.606,-0.017637001939645555,-0.004784778948441609,-0.0010017009235444817
29.639,-0.014330919268406923,-0.004801284554105095,-0.0010016711392236734
29.672,-0.011024338565194393,-0.004816974188586579,-0.0010016160826756167
29.706,-0.007617162156910044,-0.004832317642657406,-0.0010015601637676577
29.739,-0.004317710545388034,-0.004846332875222041,-0.0010015161553342013
29.772,-0.0010178082781862035,-0.004859456515300653,-0.0010014853042206312
29.806,0.0023826391469188263,-0.0048720511917777695,-0.0010014566829653695
29.839,0.0056991979010811815,-0.004883829706115019,-0.0010014288920949313
29.872,0.009016417620900056,-0.004895714649609723,-0.0010014138925535203
29.906,0.012434747264155107,-0.004908058685955705,-0.0010014040186687792
29.939,0.01573242195110546,-0.004919905243541738,-0.0010014040408176765
29.972,0.01903050787172227,-0.0049314243447393545,-0.0010014034320340696
30.006,0.022429142524735532,-0.004942969727041651,-0.0010014153340392289
30.039,0.02573176436813714,-0.004953839418834322,-0.0010014356591333783
30.072,0.029035006321525378,-0.004964316472058084,-0.0010014620938210636
30.106,0.032438953968269436,-0.004974720248105035,-0.0010014941029056479
30.139,0.03573478090404485,-0.004984472434976057,-0.0010015313507515042
30.172,0.039031217152960006,-0.004993955773411031,-0.0010015791455517085
30.206,0.04242820208239605,-0.005003442385257446,-0.00100163587742029
30.239,0.045742552788128554,-0.005012901827181961,-0.0010017127491270227
30.272,0.04905742574251935,-0.005023134333998609,-0.0010017920168231761
30.306,0.05247255296108908,-0.005034560829313538,-0.0010018562624907572
30.339,0.055776957798413414,-0.005046072233508671,-0.0010019151960695416
30.372,0.059080501159272006,-0.005057702372400008,-0.001001973057981994
30.406,0.062483069240974784,-0.005069748329283386,-0.001002041148880483
30.439,0.06578894470661051,-0.005081785888072735,-0.001002127043217338
30.472,0.06908760721769265,-0.005094648331838814,-0.0010023435134102893
30.506,0.07245058002394028,-0.005109240995603272,-0.0010018379344313016
30.539,0.07566393551194701,-0.005121893475485537,-0.0010011790956184659
30.572,0.07890159594451472,-0.0051360150493127196,-0.001001385839514684
30.606,0.08227165722953968,-0.005150256245840442,-0.0010017231394621115
30.639,0.08557983829507719,-0.005163203576021972,-0.0010016058348358454
30.672,0.08889032146585847,-0.00517626593886565,-0.0010016831217719464
30.706,0.0923007812457219,-0.005189780866153292,-0.0010016212622918491
30.739,0.09560479720209664,-0.00520260173661535,-0.0010015624671579938
30.772,0.09890921064379474,-0.005214659359702237,-0.0010015218925840952
30.806,0.10231427762198775,-0.005226301111977125,-0.001001487664615032
30.839,0.10560588524901446,-0.0052365779459327315,-0.0010014592693775165
30.872,0.10889791452508543,-0.0052455680569089,-0.0010014334393836921
30.906,0.11229026406903883,-0.005253491364649843,-0.0010014148372840016
30.939,0.11559285918898082,-0.005260376818138519,-0.0010014044624805409
30.972,0.11889608593354208,-0.005267215572461012,-0.0010014035500958453
31.006,0.12230000464914376,-0.005274189422887415,-0.0010014057708625443
31.039,0.12562205747581992,-0.005281434570335852,-0.0010014019233460583
31.072,0.1289448619101406,-0.005289399950840327,-0.0010014227010691386
31.106,0.13236898969720542,-0.005298494017181502,-0.0010014511882501277
31.139,0.13567225705664723,-0.005307679621405827,-0.0010015028151015605
31.172,0.1389759538276522,-0.005317177545128367,-0.0010015440797029804
31.206,0.14238039883127918,-0.005327134476910373,-0.0010015925417571243
31.239,0.14569218395012146,-0.005336923755262214,-0.0010016636257653214
31.272,0.1490045873673161,-0.005347255316326667,-0.0010017282731158254
31.306,0.15241778493145225,-0.005358286552749495,-0.0010018056089693174
31.339,0.155706361741568,-0.005369009615698503,-0.0010018018401298824
31.372,0.15899406700669264,-0.00537850449041198,-0.0010018602553263853
31.406,0.16238086405800375,-0.005387123031679884,-0.0010019251708043644
31.439,0.16568778368884604,-0.005394607399012334,-0.0010020831230477707
31.472,0.16899338834508804,-0.0054027507263793,-0.001002149064316532
31.506,0.17239114992409346,-0.005411786359014135,-0.001002266213956441
31.539,0.1756509660012077,-0.005422184456559429,-0.0010019087133985687
31.572,0.17887460129482424,-0.005430346715482974,-0.0010008733363490417
31.606,0.182251609398603,-0.0054401337491488165,-0.0010017986150033312
31.639,0.18554542968786758,-0.00545025372640365,-0.0010017904122236847
31.672,0.1888378043814366,-0.0054597325677124735,-0.0010017259652883269
31.706,0.19222936352312775,-0.005469040753881155,-0.0010016750051442917
31.739,0.19551888673541784,-0.0054772531419501145,-0.0010016210578434291
31.772,0.1988087071783929,-0.005484112587343466,-0.00100156627110164
31.806,0.2021986822033536,-0.005489772443587848,-0.0010015203159785095
31.839,0.2054983685023412,-0.0054943478010099946,-0.001001503545852496
31.871,0.20879862900199864,-0.005499219941641559,-0.0010014696729687793
31.906,0.21219946220994562,-0.005504368355967613,-0.0010014464763340655
31.939,0.21551871235091558,-0.005510176127513399,-0.0010014023402490253
31.972,0.2188387061676538,-0.0055167068800411655,-0.0010013921410428027
32.006,0.22225988775343955,-0.005524491565460757,-0.0010013869910723769
32.039,0.22555565708218794,-0.0055322820088228525,-0.001001403640893548
32.072,0.2288516022253458,-0.005539641504262071,-0.0010014090899268281
32.106,0.23224804032544016,-0.005546684957267743,-0.0010014281693646078
32.139,0.235564051631737,-0.005553069265459565,-0.001001482264974686
32.172,0.2388808059993945,-0.005560023850765295,-0.0010015168443023616
32.206,0.2422986923648363,-0.005567481050676022,-0.0010015585968975033
32.239,0.24560766215576624,-0.005575242933463234,-0.0010015837021744751
32.272,0.24891718375224883,-0.005583144857945535,-0.0010016424794873809
32.306,0.2523275864196982,-0.005591652437557742,-0.0010017221950955855
32.339,0.25561305588752764,-0.005600016232607743,-0.0010017270002887456
32.372,0.25889823193330996,-0.005606845496562053,-0.0010017804234224506
32.406,0.2622828695147348,-0.0056124176984988635,-0.0010018407818864275
32.439,0.2655928057541281,-0.005617047392673994,-0.0010019538544602108
32.472,0.2689021335253531,-0.005622072718656366,-0.001002023161294767
32.506,0.272310248171393,-0.005627795188521146,-0.0010021068352266196
32.539,0.27558293104581094,-0.005633325420635796,-0.0010021876680905463
32.572,0.27880121878719644,-0.005640541111854221,-0.001001812548301978
32.605,0.2820803558903454,-0.005645342612248068,-0.0010008587834990541
32.639,0.2853179823916749,-0.005651109349677482,-0.0010008272885162449
32.672,0.28862779227397223,-0.005658144187344152,-0.0010016397777883428
32.706,0.2920372466128066,-0.00566590621054685,-0.0010016666896953026
32.739,0.29534142671245744,-0.005673205637305869,-0.001001685552137508
32.772,0.29864554643001634,-0.005679242073198059,-0.0010016291572504804
32.806,0.3020501479936067,-0.005684117798884845,-0.0010015699156277445
32.839,0.30535398287477916,-0.005687850783868818,-0.0010015255022191825
32.872,0.3086583194535941,-0.005691067098532741,-0.0010014900510121848
32.906,0.31206333198842634,-0.0056938364759631715,-0.0010014587737924262
32.939,0.31537284632459694,-0.005696012943310356,-0.0010014531713040571
32.972,0.31868293233052386,-0.00569841504433979,-0.001001436137700467
33.006,0.322093910952061,-0.00570092797256108,-0.0010014233484427065
33.039,0.32541142387203686,-0.005704097209130613,-0.0010013853935689522
33.072,0.3287295886443016,-0.005707747732242303,-0.0010013888663194769
33.106,0.3321489116206665,-0.0057123671064744355,-0.001001399180842022
33.139,0.3354455560286429,-0.005717121233328857,-0.001001431916164825
33.172,0.338742597157325,-0.005721829252379229,-0.00100145653746379
33.206,0.34214021244351633,-0.005726528839098332,-0.001001488824081874
33.239,0.3454569023386462,-0.005731335129376648,-0.0010015189500684404
33.272,0.34877436792443256,-0.00573643971544733,-0.001001566095441126
33.306,0.35219300438956347,-0.005742153340258856,-0.0010016230404299373
33.339,0.3554999286016317,-0.00574768998075034,-0.0010017238583750823
33.372,0.3588071955659823,-0.005753779136293095,-0.0010017986855374653
33.406,0.36221464952808324,-0.005760289213119193,-0.0010018637364583895
33.439,0.3655013962856809,-0.005766588105737735,-0.0010018463612743063
33.472,0.36878719931472753,-0.005771457287985686,-0.0010019080701588919
33.506,0.3721717897876138,-0.0057751699423633255,-0.0010019843583522342
33.539,0.37546453842707406,-0.005777651519306653,-0.0010021050320292227
33.572,0.37874873367176576,-0.005779202703708072,-0.0010021207439817083
33.606,0.3820887837118787,-0.005781657866747257,-0.0010018475765162342
33.639,0.3852933772376113,-0.0057814812655135805,-0.0010008034341821952
33.672,0.38854518152069817,-0.005782543804597645,-0.001001156363074112
33.706,0.39195018331299925,-0.005784512578094851,-0.001001664843043499
33.739,0.39526432540543494,-0.005786790973597521,-0.0010016660013232419
33.772,0.39857824559921484,-0.005789198664704567,-0.0010016631042336147
33.806,0.4019923328129768,-0.005791840036690398,-0.0010016072651258777
33.839,0.40528920390831935,-0.0057940979839354485,-0.0010015649475674897
33.872,0.4085863145326217,-0.005795769471424277,-0.0010015255792141659
33.906,0.4119838390355889,-0.005796797605241545,-0.001001486053536553
33.939,0.415281494956621,-0.00579713531052875,-0.0010014563385872706
33.972,0.41857968794694683,-0.005796839451954188,-0.0010014376409210567
34.006,0.4219784034250423,-0.005795880990363915,-0.0010014157216391567
34.039,0.42529907219979973,-0.0057951334982505424,-0.0010013878240460773
34.072,0.4286208739553156,-0.005795454701847939,-0.0010013860339197315
34.106,0.43204393059159546,-0.005797007374424876,-0.0010013874659323269
34.139,0.4353555710457207,-0.00579936483894317,-0.0010013971454258044
34.172,0.43866770746884765,-0.005802055931820271,-0.0010014148129148526
34.206,0.4420808410297239,-0.005805199530010287,-0.0010014407051376975
34.239,0.44538858379356,-0.005808637624538031,-0.0010014730962473982
34.272,0.44869690284131136,-0.005812507357339997,-0.0010015140419857918
34.306,0.4521061227141172,-0.00581695046667296,-0.0010015623561442227
34.339,0.45539954560931306,-0.005821289684571805,-0.0010016056927547728
34.372,0.45869352773869765,-0.005825247906095449,-0.0010016686651791208
34.406,0.46208785901299143,-0.005828823125376834,-0.0010017463882019684
34.439,0.4653818672642761,-0.0058316697938263,-0.0010017882184479923
34.472,0.4686757054670054,-0.005833516644866431,-0.0010018472409282601
34.506,0.4720688503425006,-0.005834345205413824,-0.0010019116835448816
34.539,0.47536697510260884,-0.005834318806686108,-0.0010020268772712934
34.572,0.47866352944110957,-0.005834348827597994,-0.0010021112134299716
34.606,0.4820557970969118,-0.005834599010105339,-0.0010022759267084777
34.639,0.48532953679562674,-0.005836582126441704,-0.0010022849403723971
34.672,0.4885562468953555,-0.005835981053010729,-0.0010009191390515822
34.706,0.4919142698136127,-0.005835755014644166,-0.0010013099442992834
34.739,0.4952121940599204,-0.005835751995625648,-0.001001714211669058
34.772,0.4985074404261439,-0.005835629000675646,-0.0010017329472090976
34.806,0.5019018013503731,-0.005835450985598277,-0.0010017002695763312
34.839,0.5052039594215776,-0.005835115078737814,-0.0010016596131723378
34.872,0.5085064774842795,-0.005834832488210448,-0.0010015959259218922
34.906,0.5119094890405842,-0.005834545706029393,-0.0010015438010113169
34.939,0.5152116540426012,-0.005834269369425256,-0.0010015017220087706
34.972,0.5185142943152397,-0.005833969279737616,-0.0010014662394272136
35.006,0.5219175440364244,-0.005833640130301164,-0.0010014360831105233
35.039,0.5252226028946484,-0.005833103807487491,-0.001001430878187562
35.072,0.5285281889749902,-0.005832360018297346,-0.0010014147218247588
35.106,0.531934527541352,-0.005831339843497802,-0.0010014097485505045
35.139,0.5352413573497322,-0.005830624430789868,-0.0010013868432672338
35.172,0.5385487968778729,-0.005829977733131264,-0.0010013954690656253
35.206,0.5419570799030147,-0.0058296470473824386,-0.0010014129745491603
35.239,0.5452628725699329,-0.005829058502485404,-0.001001476723674198
35.272,0.5485692325794669,-0.005828848899903143,-0.0010015087187358086
35.306,0.5519764000706215,-0.005828616366447682,-0.0010015511909299453
35.339,0.5552709910506073,-0.005828521668002813,-0.00100157640875349
35.372,0.5585661275181218,-0.005828081348320193,-0.0010016307154686113
35.406,0.5619617234880623,-0.005827445859972549,-0.0010016992396112319
35.44,0.5652625634633882,-0.0058267327750969,-0.0010017325193770292
35.472,0.5685636590697357,-0.005825196977729195,-0.0010018018049070473
35.506,0.5719644634782398,-0.005822950388069449,-0.001001863154272007
35.539,0.5752687590953236,-0.005820371317507799,-0.0010019435884017734
35.572,0.5785720911292862,-0.005817626932893141,-0.0010020049813124488
35.606,0.5819742353620854,-0.005814777685315335,-0.001002079510945473
35.639,0.5852838311865601,-0.005812389460194103,-0.001002132839483593
35.672,0.5885723559926047,-0.0058158912943512735,-0.001002274973974114
35.706,0.5919118591635162,-0.005816764408151567,-0.0010009821206739163
35.739,0.5951735812961331,-0.005815550566120084,-0.0010016366549354325
35.772,0.5984552473962227,-0.005814569883098857,-0.0010016910006247354
35.806,0.6018350452378697,-0.005812748715660175,-0.001001736548699398
35.839,0.6051341496373456,-0.005810351771575733,-0.0010016822809348243
35.872,0.6084333464790144,-0.005807309762456169,-0.0010016457853040707
35.906,0.6118327300673958,-0.005803493499453469,-0.0010015856351007595
35.939,0.6151464949919734,-0.005799848122371742,-0.0010014997664818184
35.972,0.6184613230673697,-0.005796916082474906,-0.0010014622648265997
36.006,0.6218772632354421,-0.005794718380151834,-0.0010014383023796772
36.039,0.6251864439739915,-0.0057933468526373275,-0.0010014242499061105
36.072,0.6284962354159752,-0.0057926761424067245,-0.0010014071469901069
36.106,0.631906894143932,-0.005792739698150003,-0.0010013957447702476
36.139,0.6352188034748646,-0.005793301652477549,-0.0010013865581841655
36.172,0.6385312814398468,-0.005793976717637928,-0.0010013868469659487
36.206,0.6419447423612593,-0.00579481300341595,-0.0010013951899622703
36.239,0.6452358802230956,-0.005795139664537906,-0.0010014240815709834
36.272,0.648527406681916,-0.00579445522912168,-0.0010014463743824621
36.306,0.6519193119287338,-0.005792598488570159,-0.0010014779761954896
36.339,0.6552288829828001,-0.005790419027926702,-0.001001508656966705
36.372,0.6585393732459117,-0.005788689580903626,-0.0010015557679139697
36.406,0.6619508267189019,-0.005787466331479275,-0.0010016096421176096
36.439,0.6652548130321583,-0.005786749319200092,-0.0010016738677036362
36.472,0.6685592329048795,-0.0057863666610688405,-0.0010017508362959553
36.506,0.6719639137872803,-0.005786334635704973,-0.0010018244943296138
36.539,0.6752559244277582,-0.005786250207975504,-0.0010018534836451105
36.572,0.6785474316230945,-0.0057855235298669965,-0.001001913886902496
36.606,0.681937862338725,-0.005784011157529232,-0.001001984137612065
36.639,0.6852331636922651,-0.005782005167013311,-0.0010021027961473854
36.672,0.6885257740419878,-0.005780031695761052,-0.0010022104034488576
36.706,0.6919019474500737,-0.005778683316424744,-0.0010023301515260964
36.739,0.69513326521507,-0.005775568453791052,-0.0010010264072200306
36.772,0.6983830641931615,-0.005772641315972087,-0.0010010485698596014
36.806,0.7017871524681388,-0.005770203157525958,-0.0010017217085961094
36.839,0.7050905498212632,-0.00576791766551184,-0.0010017046494008655
36.872,0.7083935342817989,-0.005765630488023335,-0.001001675662200361
36.906,0.7117963289534566,-0.005763272121351543,-0.0010016283297187914
36.939,0.7151028016745088,-0.005761161207204272,-0.0010015559627442154
36.972,0.7184097019179025,-0.005759440822554568,-0.0010015051317916017
37.006,0.72181736151791,-0.005758054211024154,-0.0010014639805022152
37.039,0.7251183109456445,-0.005756899001403812,-0.0010014451532641064
37.072,0.7284197721290536,-0.005755699444028205,-0.0010014229577188956
37.106,0.7318218587285743,-0.005754448064864723,-0.0010014066126808815
37.139,0.7351090798970314,-0.005752696830238088,-0.001001409160846272
37.172,0.7383966904528796,-0.005750034258201206,-0.0010013971542088343
37.206,0.7417845094679537,-0.005746232825108309,-0.001001396176844898
37.239,0.7450889906197539,-0.005742012869302002,-0.0010013897372715234
37.272,0.7483941952211789,-0.005737664015295545,-0.001001407798109144
37.306,0.7518001852631471,-0.0057331587511696485,-0.0010014333879645523
37.339,0.7550991015805932,-0.0057283159699279135,-0.0010014910282005463
37.372,0.7583985879199375,-0.005723618061183429,-0.0010015286962970632
37.406,0.7617986933934416,-0.0057185985765955466,-0.0010015682348263645
37.439,0.7650993796705937,-0.00571336216655888,-0.0010016166936623015
37.472,0.7684007715160628,-0.005707740742487168,-0.0010016787185234306
37.506,0.7718027810970353,-0.005701514564465845,-0.001001756520374767
37.539,0.7751158687683218,-0.005695911971736415,-0.0010018185607509889
37.572,0.7784286741175199,-0.005691021696198069,-0.001001877932790534
37.606,0.781841228107905,-0.00568704363194519,-0.001001937909755432
37.639,0.785139779322556,-0.005683885571216772,-0.0010019931253405813
37.672,0.7884369728174725,-0.005680874808922136,-0.0010020650200971565
37.706,0.7918317289271469,-0.005677927664047007,-0.0010021832617933338
37.739,0.7951180234870284,-0.005676015494609121,-0.0010022654137462755
37.772,0.7983628847048938,-0.005672507398411709,-0.001001308355280582
37.806,0.8017111865637052,-0.005668733654996708,-0.0010011213430171154
37.839,0.8050109603189007,-0.005665266552037892,-0.0010017275114502892
37.872,0.8083087655397164,-0.005661260475004642,-0.0010017132323019984
37.906,0.8117062077819532,-0.005656657639999196,-0.001001704255420243
37.939,0.8150141791667717,-0.005652286672112062,-0.0010016178264634253
37.972,0.8183226229849823,-0.005648288088888634,-0.0010015549713860705
38.006,0.821731804857993,-0.0056446780652558304,-0.0010015042911227894
38.039,0.8250379207731026,-0.005641613245173595,-0.0010014669793406879
38.072,0.8283446451803269,-0.005638901309247779,-0.0010014424393955425
38.106,0.8317522188597363,-0.005636481553966161,-0.0010014211812195313
38.139,0.8350368681037489,-0.00563379400941257,-0.0010014261936816433
38.172,0.8383217415462153,-0.005630069608107762,-0.0010014085443669565
38.206,0.8417067215095866,-0.005625057828670632,-0.001001398139901282
38.239,0.8450120216000984,-0.005619195264541277,-0.0010014041055936493
38.272,0.8483180221426083,-0.005613262771818222,-0.001001409525009215
38.306,0.8517247692366658,-0.005606886279011682,-0.0010014145623919828
38.339,0.8550248967768697,-0.005600514899283183,-0.0010014338145071869
38.372,0.8583255910358234,-0.005594091889067942,-0.0010014605770859164
38.406,0.8617269457309163,-0.005587512796999567,-0.0010015001085192932
38.439,0.8650219248910591,-0.005580787611540394,-0.00100154709162293
38.472,0.8683175455612367,-0.005573570514432003,-0.0010015957592493102
38.506,0.8717138521290031,-0.005565488124720428,-0.0010016520188867728
38.539,0.8750224106222632,-0.005557556670158876,-0.0010017363619981325
38.572,0.8783312734371809,-0.00555002865764641,-0.0010018120060053294
38.607,0.8817400592549391,-0.005542882387273416,-0.0010018734610628965
38.639,0.8850400821395343,-0.0055363396351123684,-0.0010019315227690652
38.672,0.8883392207051437,-0.005529842428378613,-0.0010019897043355326
38.706,0.891737167620057,-0.005523236376124364,-0.0010020587648815367
38.739,0.8950261849179408,-0.00551663118411307,-0.0010022400140657708
38.772,0.8983055833786057,-0.005510296107283672,-0.001002397050793323
38.806,0.9016366959879224,-0.005503072754473924,-0.0010014398485553404
38.839,0.9048657971322244,-0.005495046900776005,-0.0010009940501151705
38.872,0.9081526735409648,-0.005487216302581643,-0.0010017933898822592
38.906,0.9115387824176244,-0.005478568583799748,-0.0010016973815082791
38.939,0.9148482359664801,-0.005469993639483438,-0.0010016272723873156
38.972,0.9181585636711735,-0.005461759807034197,-0.0010016330818812952
39.006,0.9215692554047962,-0.0054535975402426095,-0.0010015692451697984
39.039,0.9248711461057837,-0.0054458451618711315,-0.001001526305266457
39.072,0.9281734738073946,-0.005438063923466994,-0.0010014890772800412
39.106,0.9315764006721275,-0.005430038707035603,-0.0010014542465054538
39.139,0.9348734967055986,-0.005421802863239037,-0.00100145334770552
39.172,0.9381710394127488,-0.005413070062324769,-0.0010014368002236144
39.206,0.9415690870613813,-0.005403400190146623,-0.0010014257633195432
39.239,0.9448771383929969,-0.005393973678350987,-0.0010013858198624007
39.272,0.9481858564661342,-0.005384328949760162,-0.0010013859143604906
39.306,0.9515954408476601,-0.005374455325324198,-0.0010013918615580444
39.339,0.9549143824033104,-0.005365300774755123,-0.001001405940141406
39.371,0.9582340098192209,-0.005357181657162499,-0.0010014302650434431
39.406,0.9616548699545872,-0.005349893976421395,-0.0010014603665151889
39.439,0.9649572849127038,-0.005343565654423974,-0.0010014973191829098
39.472,0.9682601674453729,-0.005337409628989527,-0.0010015422251135227
39.506,0.97166378530649,-0.005331267605810086,-0.0010015927281615232
39.539,0.974967467894797,-0.005325493475983343,-0.0010016538240956128
39.572,0.9782716806317284,-0.005319885698712649,-0.001001727504501261
39.606,0.9816763101872856,-0.005314289132073223,-0.0010018065333704078
39.639,0.9849648588338477,-0.005308510039564368,-0.0010018030164956615
39.672,0.9882530048597616,-0.005301332908037243,-0.0010018612024797445
39.706,0.9916402644326264,-0.005292314070635649,-0.001001933020484444
39.739,0.9949508915270424,-0.005282782181293833,-0.0010020991535843772
39.772,0.9982607370181185,-0.005273883951479193,-0.0010021500967674277
39.806,1.00166275748078,-0.0052668708099077016,-0.0010022705699691825
39.839,1.0049271793838097,-0.005264678763149015,-0.0010018104192810844
39.872,1.008167778106176,-0.005255961736814925,-0.0010011539496575551
39.906,1.011547875516569,-0.005247114468610139,-0.001001722953274279
39.939,1.0148502049134511,-0.0052382016814857,-0.0010017327320901055
39.972,1.01815589122073,-0.005229824705113685,-0.0010016597897902109
40.006,1.0215616826502152,-0.005221698848406766,-0.00100162678808138
40.039,1.0248665177754812,-0.005214145658014561,-0.0010015790433019617
40.072,1.0281717776573736,-0.005206749415871051,-0.0010015270144376545
40.106,1.0315776881817125,-0.005199309619516102,-0.0010014846259597913
40.139,1.0348681564169544,-0.005191710944513761,-0.0010014727085081408
40.172,1.0381589831749232,-0.005183237244055251,-0.0010014486918831778
40.206,1.0415500904512407,-0.005173504596874052,-0.0010014291792927697
40.239,1.0448631775546358,-0.005163782553509736,-0.0010013927544367841
40.272,1.0481773418155371,-0.0051545666124179065,-0.0010013889846156726
40.306,1.0515925002911986,-0.005145719134840093,-0.0010013862488217375
40.339,1.0548973919557916,-0.005137730110628268,-0.001001393053791197
40.372,1.0582027935911829,-0.005130220698151055,-0.001001404399839128
40.406,1.061608984052835,-0.005122992950077246,-0.0010014278330411908
40.439,1.0648973099143233,-0.005115681478277375,-0.001001467233447649
40.472,1.0681858672433273,-0.005107130134487694,-0.0010015001853802934
40.506,1.0715746381336855,-0.005096956144677615,-0.001001543247229876
40.54,1.0748827350462444,-0.005086409678672485,-0.0010015865852003418
40.572,1.0781918159163857,-0.005076108103510953,-0.0010016464409812464
40.606,1.0816017432584029,-0.005065829931622549,-0.001001721113588927
40.639,1.0848888797637628,-0.005055765144117012,-0.0010017683484606875
40.672,1.0881758478025454,-0.005044974506928049,-0.0010018312432041286
40.706,1.0915619961573604,-0.005032957321449794,-0.0010018945113862351
40.739,1.0948511507907852,-0.005020798636478629,-0.0010019705738345368
40.772,1.0981390911942979,-0.005008278193436552,-0.0010020361627797007
40.806,1.101524953405653,-0.004995229021017273,-0.001002130841947911
40.839,1.1048170368414945,-0.0049834159787844464,-0.0010022605885421192
40.872,1.1080815858240673,-0.004978976429956842,-0.001001767802898467
40.906,1.1114250305441549,-0.004964694890731719,-0.00100101082385887
40.939,1.1147103562551302,-0.004951092989562711,-0.0010014651205094392
40.973,1.1180132243130143,-0.00493771558404469,-0.0010016575859570429
41.006,1.1214145266772617,-0.00492464128886102,-0.001001668636864822
41.039,1.1247221336228395,-0.004912577536564826,-0.0010016223704908088
41.072,1.1280299877462163,-0.004901185520184432,-0.001001562343417358
41.106,1.1314386141357566,-0.0048901344184103974,-0.001001513179383854
41.139,1.1347249420207763,-0.004879326113728436,-0.0010015102452472988
41.173,1.138011591949724,-0.0048677876137056975,-0.001001482644390081
41.206,1.1413983962888947,-0.0048550375939904675,-0.001001461107433193
41.239,1.1447056349397178,-0.0048424679737226264,-0.001001408440676567
41.272,1.1480136012638404,-0.004829821786170348,-0.001001393167082136
41.306,1.151422392780528,-0.004816958803651128,-0.0010013846637074407
41.339,1.154723919380417,-0.004804470849036067,-0.00100138530777737
41.372,1.1580259532791797,-0.004791647689172488,-0.0010013877413790583
41.406,1.161428657918741,-0.0047781006243790645,-0.0010014004039721226
41.439,1.1647250415819579,-0.004764618191426323,-0.0010014223603167088
41.472,1.168021948473136,-0.004750720945925831,-0.0010014491468478721
41.506,1.1714194394958237,-0.004735989112615736,-0.0010014784482079118
41.539,1.1747357167233679,-0.004721758662372612,-0.0010015314577743982
41.572,1.178052899775143,-0.004708566142684408,-0.0010015814628018434
41.606,1.1814712440974457,-0.0046960505175164344,-0.0010016422187519858
41.639,1.1847743139946814,-0.004684551399655537,-0.001001707750214572
41.672,1.1880776144939356,-0.004672912067075325,-0.0010017869388267188
41.706,1.1914808100522387,-0.0046608011541124355,-0.0010018512282173493
41.739,1.1947884772170052,-0.004649042010623013,-0.0010019129115387063
41.772,1.1980954397717756,-0.004637537485708791,-0.001001972525233312
41.806,1.2015015575978754,-0.004625974851823305,-0.0010020381322866853
41.839,1.2048027968965977,-0.0046150859006140535,-0.0010021452019972031
41.872,1.2080998279209862,-0.00460478310256763,-0.001002300464843519
41.906,1.2114649029167974,-0.004598649990009647,-0.0010018580962273052
41.939,1.2146941502713875,-0.004586815290398319,-0.001001108012358226
41.972,1.21796104258736,-0.004575107647215173,-0.0010018484833884053
42.006,1.2213327421050768,-0.004561586089251936,-0.0010017538767797263
42.039,1.224637393684233,-0.004547318859284249,-0.0010016256551729288
42.072,1.2279442284314974,-0.004532716770702856,-0.001001659342748193
42.106,1.231351109387435,-0.004517358656450933,-0.001001598447581676
42.139,1.2346473646762794,-0.004502330251183878,-0.0010015404454271487
42.172,1.2379439986475216,-0.004487343967256473,-0.0010015006223438212
42.206,1.241341041520218,-0.004471943910232491,-0.0010014649536995747
42.239,1.244643671041199,-0.004457136371980793,-0.0010014322438573683
42.272,1.2479469279997097,-0.0044426282131554504,-0.0010014118971465764
42.306,1.251350903863062,-0.004427992732243288,-0.0010014023637824783
42.339,1.2546431185638551,-0.004413544244971542,-0.0010014089400476912
42.372,1.2579357057504879,-0.004398703094198415,-0.001001386402399617
42.406,1.2613286345984815,-0.004382471086839282,-0.0010013890169266286
42.439,1.2646346331062996,-0.004366131405551353,-0.0010014002397397519
42.472,1.2679413195349392,-0.004349686036840818,-0.001001422775074555
42.506,1.2713488505069037,-0.004332627439031984,-0.001001448197705375
42.539,1.2746655312271187,-0.0043163684397760855,-0.0010014859468157784
42.573,1.277982914919204,-0.004301129593742543,-0.0010015316562449576
42.606,1.2814014815561219,-0.0042864925528771115,-0.0010015801238561252
42.639,1.2847031934223596,-0.004273030812849436,-0.001001636101276824
42.672,1.2880053252687564,-0.004259692745541894,-0.0010017061183854974
42.706,1.2914079350224568,-0.004246094395649175,-0.0010017873391715108
42.739,1.294715250187932,-0.004233076833786208,-0.0010018510037879506
42.772,1.298022101495117,-0.0042203277477517905,-0.0010019089946598433
42.806,1.3014284004205108,-0.004207468018869887,-0.0010019694399573467
42.839,1.3047135852111205,-0.004194787195502543,-0.001001975124719369
42.872,1.307996597244535,-0.004181136903439316,-0.0010021238152930143
42.906,1.311365647180208,-0.004166225762743094,-0.001002272397479624
42.939,1.3145955346474623,-0.004154260732979046,-0.0010018578728266947
42.972,1.3177975644692317,-0.004136773629099761,-0.0010007352084361182
43.006,1.321156445732864,-0.0041191599047981425,-0.0010013326448595448
43.039,1.32444295464771,-0.004101038966266502,-0.0010017422416678141
43.072,1.3277278402009747,-0.0040821522662733735,-0.0010017376336941344
43.106,1.3311116687463629,-0.004061817503074609,-0.0010016891588096703
43.139,1.3344171483325291,-0.0040417451830995895,-0.001001597675584831
43.172,1.3377237733956129,-0.004021680026301884,-0.001001534352890309
43.206,1.341131093469527,-0.0040013148038941316,-0.0010014859470876582
43.239,1.3444418778487337,-0.00398207150101886,-0.0010014471171018446
43.272,1.3477533021641985,-0.003963711937218557,-0.0010014273869546203
43.306,1.3511659311854884,-0.003945712915089429,-0.001001417774604673
43.339,1.3544814890166486,-0.003929089840351466,-0.0010013980469520782
43.372,1.357797579922235,-0.003913225123987213,-0.001001389294286694
43.406,1.3612147267577372,-0.0038976793635515624,-0.0010013864323431577
43.439,1.3645272196909557,-0.003883097098672986,-0.0010013885936001748
43.472,1.3678402487427965,-0.003868558300332541,-0.0010013987000419312
43.506,1.3712542949438078,-0.0038536387726578803,-0.0010014203697971957
43.539,1.3745518135655916,-0.0038386591843028966,-0.0010014584795513433
43.572,1.3778497663416018,-0.0038225523454229965,-0.001001494084963004
43.606,1.3812482097505763,-0.003804706350407501,-0.0010015351377564118
43.639,1.384560361536013,-0.003786861452011069,-0.0010015730797618104
43.672,1.3878733223117576,-0.0037691781655452726,-0.001001629946550387
43.706,1.3912872734275108,-0.003751275595554058,-0.00100170173955157
43.739,1.3945823011853815,-0.0037340703190137233,-0.0010017615238396005
43.772,1.3978771756743955,-0.003716452742531567,-0.0010018260764757536
43.806,1.4012714444099261,-0.0036978624978938977,-0.0010018862584425595
43.839,1.4045613677384758,-0.0036793127211497884,-0.0010019317900856577
43.872,1.4078505063049223,-0.0036599967549017093,-0.0010019974127295807
43.906,1.4112379623670326,-0.0036393159613187275,-0.001002087522703747
43.939,1.414533208710702,-0.0036189218110693057,-0.0010022048364039492
43.972,1.4178116617467094,-0.0036106300613692782,-0.001002056753392877
44.006,1.4211554641437507,-0.0035916561211406374,-0.001001050572813033
44.039,1.424429965105901,-0.0035708665781763595,-0.0010012461921595286
44.072,1.4277333251973205,-0.0035497866082410314,-0.00100167344356554
44.106,1.4311361647315455,-0.003528809778758075,-0.0010016637294090122
44.139,1.4344229124333758,-0.00350858055480896,-0.0010016666524398227
44.172,1.4377093556667495,-0.003487597166756297,-0.0010016060508733216
44.206,1.4410957714400914,-0.003465223238098272,-0.0010015472234368474
44.239,1.4443995789429704,-0.003443049100697796,-0.0010015018365887585
44.272,1.447703983645122,-0.0034210819209280516,-0.0010014576092244182
44.306,1.4511091299905419,-0.003398639545156492,-0.0010014324037205084
44.339,1.454407824322409,-0.0033768369168594033,-0.001001419321351553
44.372,1.4577070153115672,-0.003354613988413828,-0.0010013990825677652
44.406,1.4611067539590334,-0.003331291823906495,-0.001001387697842332
44.439,1.4644127514492895,-0.0033084412903683696,-0.0010013836597710067
44.472,1.4677193792881642,-0.0032857731907556427,-0.0010013871994495119
44.506,1.471126810993661,-0.0032626091269307355,-0.0010013978095850806
44.539,1.4744326859044787,-0.0032403640490746483,-0.001001418587357781
44.572,1.4777391523282353,-0.003218395971590871,-0.0010014443312605613
44.606,1.4811464558492928,-0.003196059431158733,-0.0010014780445674679
44.639,1.4844398695817367,-0.003174417227991349,-0.0010015100179566645
44.672,1.4877339308495225,-0.0031521370074433655,-0.0010015484826538731
44.706,1.4911287015372587,-0.003128529375658856,-0.0010015988581493149
44.739,1.4944276116642992,-0.003105122090189013,-0.001001692094812788
44.772,1.4977269425930058,-0.0030817327029039297,-0.0010017708403334477
44.806,1.501126212461859,-0.0030576763957629,-0.0010018392904569545
44.839,1.504440383584678,-0.003034599142470084,-0.0010018980656389224
44.872,1.5077540237019544,-0.0030124139245779878,-0.001001957430086263
44.906,1.5111671112501144,-0.0029905037175549684,-0.0010020209082872468
44.939,1.5144500015103393,-0.002969813289179367,-0.0010020543940816896
44.972,1.5177305808645767,-0.0029484171494859285,-0.0010022386676946382
45.006,1.5210861024318278,-0.002928238008776259,-0.0010020824091030063
45.039,1.5243095567435785,-0.0029033535800250397,-0.0010008821942750351
45.071,1.5275698706110405,-0.0028786925029282914,-0.001001175983949311
45.106,1.5309727836490674,-0.0028524258915836515,-0.001001813135885713
45.139,1.53427706875044,-0.0028276780315812915,-0.0010016769338599303
45.172,1.537581341193849,-0.0028036119641076797,-0.0010016374667792469
45.206,1.5409857482319427,-0.002779504152534932,-0.001001583614781542
45.239,1.5442930901226668,-0.002756639810256077,-0.0010015356364948443
45.272,1.5476009617137287,-0.0027342053963589704,-0.0010014874562979115
45.306,1.551009753723929,-0.0027115352429352662,-0.0010014560440828012
45.339,1.5543191961838052,-0.00268996501723632,-0.0010014301271250511
45.372,1.5576292069585818,-0.0026688456259520107,-0.0010014145891442255
45.406,1.5610401729668115,-0.002647568453388913,-0.001001397342483383
45.439,1.5643274872825583,-0.002626501306259781,-0.001001430466622176
45.472,1.5676149982850986,-0.0026046898130565816,-0.0010014168679077437
45.506,1.5710025835083465,-0.0025813545645364472,-0.0010013937723368851
45.539,1.5743166316361088,-0.0025577002292066072,-0.0010013932079458096
45.572,1.5776317187169058,-0.0025341027731230776,-0.0010014159022916497
45.606,1.5810478937836265,-0.0025099395078948938,-0.0010014429816551165
45.639,1.5843589560481617,-0.002486903780985496,-0.0010014762209940437
45.672,1.5876706124899638,-0.002464579974845274,-0.001001517580336831
45.706,1.5910832759404152,-0.0024423254805103017,-0.0010015664382132528
45.739,1.5943878146010122,-0.0024211768731776328,-0.0010016162717288689
45.772,1.597692867022095,-0.0023998938892746445,-0.0010016839453219142
45.806,1.601098544178349,-0.002377834797440929,-0.0010017652903803673
45.839,1.6043887680299922,-0.0023562429495967577,-0.0010018005369953412
45.872,1.6076786354086123,-0.002333898380333455,-0.0010018591214500869
45.906,1.6110676351052584,-0.00231006164839863,-0.0010019215458196597
45.939,1.6143646514954597,-0.0022862616734159185,-0.0010020159163434718
45.972,1.6176604303008542,-0.002262322965914896,-0.0010020876075474937
46.006,1.6210527845339027,-0.00223749414001147,-0.0010022336660902992
46.039,1.624328005923907,-0.002219459913149057,-0.001002218824036321
46.072,1.6275606740688153,-0.0021951047550595247,-0.001000956385766815
46.105,1.6309189331865415,-0.0021676789955971175,-0.0010011500763981475
46.139,1.634207609136368,-0.0021402304689239374,-0.0010017022278190138
46.172,1.6374954820117211,-0.002112750376099785,-0.0010016883667659932
46.206,1.6408825956397206,-0.0020843318987006755,-0.001001668657554012
46.239,1.644198317680404,-0.0020568878082356467,-0.00100158660637625
46.272,1.6475153812984877,-0.0020303969748678243,-0.0010015291229147558
46.306,1.6509337623588545,-0.002004033296735906,-0.001001489297070935
46.339,1.6542191773018482,-0.001978841697529204,-0.0010014652892519939
46.372,1.6575045666225563,-0.0019527109917675109,-0.0010014409904013817
46.406,1.6608900606382204,-0.0019248472353652762,-0.0010014198187107588
46.439,1.6641978691599704,-0.0018972649129134292,-0.0010013962815570467
46.472,1.6675067433742112,-0.0018701432238850777,-0.0010013915735682943
46.506,1.6709164582263363,-0.0018426878585973594,-0.0010013879685023264
46.539,1.6742180803464548,-0.001816161611881838,-0.0010013881943298011
46.572,1.67752019317908,-0.0017890632329541029,-0.0010013955342472632
46.606,1.680922982773751,-0.0017605624885281283,-0.0010014134705309576
46.639,1.6842194587234023,-0.0017324641880743963,-0.0010014416280038074
46.672,1.6875164876036473,-0.0017039894701465297,-0.001001468405348753
46.706,1.690914170862089,-0.0016742784222259991,-0.001001502892441445
46.739,1.6942278070030508,-0.0016455388716866634,-0.0010015623033249495
46.771,1.6975423221692827,-0.0016180016132745455,-0.0010016163463001243
46.806,1.7009579017933523,-0.0015908904204451255,-0.0010016851321461052
46.839,1.7042468259576236,-0.0015652252976561956,-0.0010017112799234514
46.872,1.707535287747646,-0.001538476141636756,-0.00100177860946132
46.906,1.710923167151064,-0.0015097414476683277,-0.001001838936553947
46.939,1.714232072026935,-0.0014810296988880438,-0.0010019435790828667
46.972,1.7175404735251802,-0.0014528905647762768,-0.0010020095645551473
47.006,1.7209478137301506,-0.0014245318082696402,-0.001002085457092107
47.039,1.7242372678559112,-0.0013975661901867336,-0.0010022914934532355
47.072,1.7275097315663273,-0.0013770148448029322,-0.0010022140801415474
47.106,1.7308363525328356,-0.0013517900258654843,-0.0010010107214420277
47.139,1.734087181087544,-0.0013225575341033794,-0.001001318731912896
47.171,1.7373770536632158,-0.0012920038446806602,-0.0010018711576749648
47.206,1.740769893730525,-0.0012605666760401048,-0.0010017044126261025
47.239,1.744083816755457,-0.001230272100435512,-0.0010016102310239638
47.272,1.7473985775342584,-0.0012008536599577013,-0.0010015875659717503
47.306,1.7508142124733488,-0.0011714128531686151,-0.0010015326342259039
47.339,1.7541184927992979,-0.0011436725352467541,-0.0010014923537917837
47.372,1.7574233662354233,-0.0011165702131290631,-0.0010014591784676917
47.406,1.7608290116062615,-0.0010893265320348845,-0.0010014312855522456
47.439,1.7641370776682233,-0.0010632115910583551,-0.0010014225213491844
47.472,1.7674457200024132,-0.0010369955984086928,-0.0010014048571631157
47.506,1.7708552000296218,-0.0010098953989562515,-0.0010013910431174722
47.539,1.7741423257955697,-0.0009834104812859441,-0.0010013895768317058
47.572,1.7774298270086917,-0.00095615060223757,-0.0010013853903741293
47.605,1.7808175440932708,-0.0009272668905441955,-0.0010013939344297763
47.639,1.7841244535182823,-0.000898555023218007,-0.0010014096373381076
47.672,1.7874321028985591,-0.0008697082149086622,-0.0010014359906149184
47.706,1.7908406499068057,-0.0008398526993714403,-0.001001466772287022
47.739,1.7941485540102413,-0.000810993716406801,-0.0010015109417736735
47.772,1.7974570790174982,-0.0007826118007709488,-0.001001557361277227
47.806,1.8008665107398598,-0.0007538713256404593,-0.0010016117029571017
47.839,1.8041754486139845,-0.0007263996824902225,-0.0010016769781297508
47.872,1.807484872068205,-0.0006992325687937998,-0.0010017546971721816
47.906,1.8108946837953845,-0.0006715744472750145,-0.0010018274601391215
47.939,1.8141753727182472,-0.0006445149724482693,-0.0010018411511995215
47.972,1.8174550050607605,-0.0006160167311416124,-0.0010019012695063265
48.006,1.8208335489039038,-0.0005849555630257165,-0.0010019762491700682
48.039,1.824145047374817,-0.0005539212361549354,-0.0010020594017586155
48.072,1.827456159382799,-0.0005231500537550095,-0.0010022017261788092
48.107,1.830854086938319,-0.0004977217103145256,-0.0010022779955472412
48.139,1.8341000158106087,-0.00047616093528741495,-0.001001263947936079
48.172,1.8373485788559214,-0.0004444974774086209,-0.0010013359091024104
48.206,1.8407270857469562,-0.0004103982163748451,-0.0010018592377083607
48.239,1.8440099924679583,-0.0003768675939320986,-0.0010017248148381612
48.272,1.8472927433454278,-0.0003425472752194665,-0.0010016727062384795
48.306,1.8506747736554692,-0.00030634255442312723,-0.0010016272649754042
48.339,1.8539698074409685,-0.00027054440271623374,-0.0010015742404995108
48.372,1.8572653418098435,-0.00023467283862705536,-0.0010015192441798736
48.406,1.860661245345566,-0.00019763344919300222,-0.0010014778838860657
48.439,1.8639755663260547,-0.00016186752892149336,-0.0010014362518482624
48.472,1.8672909789464343,-0.00012706301993847672,-0.0010014225095097938
48.506,1.870707546768921,-9.22366075973758e-05,-0.0010014087372735535
48.539,1.8739977512623178,-5.936300070518349e-05,-0.0010013968635170546
48.572,1.8772883011667931,-2.662018016942428e-05,-0.0010013862042765713
48.606,1.8806791789267443,6.9696043074223745e-06,-0.0010013862885489486
48.639,1.883979892160116,3.982805341306643e-05,-0.0010013915849436325
48.672,1.8872812310657938,7.331179195594804e-05,-0.0010014084917068233
48.706,1.890683231371647,0.00010845146219250556,-0.001001433975713506
48.739,1.8939955611898056,0.00014291992141078492,-0.0010014645832333788
48.772,1.8973085977333561,0.0001771139704323031,-0.0010015048890472701
48.806,1.9007226797938759,0.00021205907152198553,-0.0010015525936709346
48.839,1.9040311512399808,0.0002454409594928285,-0.0010016045575183888
48.872,1.9073401904015457,0.0002780721064355883,-0.0010016684565045016
48.906,1.91075004683524,0.00031090453402152874,-0.001001747505588721
48.939,1.91403396431265,0.0003423577216578737,-0.0010017671898389126
48.972,1.9173171159043527,0.0003749109431554416,-0.0010018255251611381
49.006,1.9206993474640077,0.00040965979617757346,-0.0010018874748546208
49.039,1.9239947449659731,0.0004444386920571681,-0.0010019894487614985
49.072,1.9272890179517561,0.0004794348321031359,-0.0010020583570493485
49.106,1.9306807628192926,0.0005157174192207152,-0.0010021793356878965
49.139,1.9339660210571041,0.0005473956965495948,-0.0010022371091788877
49.172,1.937208352981612,0.0005734612174028034,-0.0010011827425693738
49.205,1.9405490364898255,0.000612065186586703,-0.001001126645279779
49.239,1.9438227016956795,0.0006513308001033479,-0.001001745411671088
49.272,1.9471060930508992,0.0006910143242877725,-0.001001728784635586
49.306,1.9504881073518012,0.0007322534531772393,-0.0010016779048091576
49.339,1.9537904977588187,0.0007722990457470456,-0.001001596217759259
49.372,1.9570940340659824,0.0008113858765341599,-0.0010015413779640298
49.406,1.9604984796569738,0.0008507351143581157,-0.0010015005789467402
49.439,1.963816354825398,0.0008880696167367589,-0.0010014669046529354
49.472,1.9671351384333193,0.000924282396650268,-0.0010014479787962098
49.506,1.9705553154074789,0.0009603919814401226,-0.0010014296319981048
49.539,1.9738600826308836,0.0009946875192182287,-0.0010014126325267464
49.572,1.9771652415268965,0.001029283169868491,-0.001001395069831247
49.606,1.9805711315071106,0.0010652304719089387,-0.0010013883088312511
49.639,1.9838808216289614,0.0011002843809831294,-0.0010013861376790834
49.672,1.9871911225794872,0.00113522326236162,-0.0010013939645394272
49.706,1.9906023515365538,0.001171096242554105,-0.001001409590832971
49.739,1.9939103278794745,0.0012057634092921938,-0.0010014350981836576
49.772,1.9972188860703988,0.0012403290113296194,-0.0010014637380265472
49.806,2.000628345237045,0.001275827823457203,-0.0010015038284615467
49.839,2.00392808713285,0.0013100936380656758,-0.001001550078005748
49.872,2.007228370057821,0.0013443191367855213,-0.0010016003093543044
49.906,2.010629283273132,0.0013795343893904764,-0.00100166499072038
49.939,2.0139359441987805,0.0014137346507709144,-0.001001740733160228
49.972,2.0172428522283394,0.0014479135396963069,-0.001001815088739099
50.006,2.0206496001413936,0.0014831026339496205,-0.0010018763370782668
50.039,2.023943177533185,0.0015173013784929227,-0.0010019095324845899
50.072,2.0272360386448764,0.0015521241193856754,-0.0010019698281627486
50.106,2.030627604118729,0.0015886385371892424,-0.001002045054539217
50.139,2.033930486079852,0.001624748422043252,-0.001002099380022669
50.172,2.0372199438758147,0.0016583762376092724,-0.0010022423792708096
50.206,2.0405644713880213,0.0016895245163291316,-0.001001268145031417
50.239,2.0438077636402165,0.0017284334616543022,-0.0010013005581631061
50.272,2.0470823309912527,0.0017692556913400678,-0.001001650100009105
50.306,2.0504729381726037,0.0018116436983014862,-0.0010017287828359665
50.339,2.0537669410081807,0.0018527428443013865,-0.0010016659108618535
50.372,2.0570607080074024,0.0018935791039830627,-0.0010016312867280504
50.406,2.060454492783836,0.0019353948207988896,-0.0010015675047377257
50.439,2.0637461380303965,0.0019759680650786354,-0.0010015244625184959
50.472,2.0670382405034937,0.0020168792372710566,-0.00100148592054004
50.506,2.070430630014535,0.002059366101113278,-0.0010014504509629173
50.539,2.073724050407273,0.0021007845672346686,-0.0010014265097312014
50.572,2.077018038593711,0.0021421666533987913,-0.0010014108354205672
50.606,2.0804124179926022,0.0021847617497464744,-0.0010013935785894122
50.639,2.08371256979407,0.00222622433566103,-0.001001385667313736
50.672,2.0870133073316497,0.0022678784188038185,-0.0010013864743608318
50.706,2.09041466135846,0.0023109875349957565,-0.0010013915313028601
50.739,2.0937168007145566,0.00235304109636588,-0.001001405677787219
50.772,2.0970195263219753,0.002395337244486555,-0.0010014288657576031
50.806,2.1004229903892107,0.0024391540934285967,-0.0010014561986639442
50.839,2.103726351127997,0.0024817410252654555,-0.0010014971916089896
50.872,2.1070303271701145,0.002524139587150076,-0.0010015416159849175
50.906,2.1104350722410166,0.0025676198699736926,-0.0010015939365477858
50.939,2.113742132158404,0.0026096198883003366,-0.0010016553965430351
50.972,2.117049749234058,0.002651360443596133,-0.0010017296661071033
51.006,2.120457882097976,0.0026940833654809887,-0.0010018083395605254
51.039,2.1237566806693873,0.0027351545239367274,-0.00100186823851749
51.072,2.127054834215942,0.0027759494372841254,-0.0010019264103538865
51.106,2.130452106426652,0.00281768357319837,-0.0010019876433674385
51.139,2.1337646970972335,0.0028578623964100663,-0.0010020942547108655
51.172,2.13707607029146,0.002897239520146591,-0.0010021512260498834
51.206,2.140478144829821,0.0029354804046695725,-0.0010022654967261832
51.239,2.1437394839914945,0.002958889407096871,-0.0010017519900533088
51.272,2.1469804927808895,0.002998848641750678,-0.0010012534676217578
51.306,2.15035466730019,0.003041761172066867,-0.0010018122710304042
51.34,2.1536440615004144,0.0030847353552305246,-0.0010016857037871071
51.373,2.1569333075390755,0.0031283403361041183,-0.0010016834608194344
51.406,2.1603217962843795,0.0031739917517930646,-0.00100164523939298
51.439,2.1636113426828767,0.003218863522666948,-0.001001586217562165
51.472,2.1669012827359033,0.0032640573042035954,-0.0010015333107362065
51.506,2.170291395340423,0.0033109594993860603,-0.0010014913548732317
51.539,2.1736092591262546,0.0033566365616625148,-0.0010014461179680932
51.572,2.1769285083550636,0.0034013694751656013,-0.00100142964283996
51.606,2.180349069390598,0.0034464461548515657,-0.001001415542970948
51.639,2.1836449227442096,0.0034892494503892704,-0.001001402759169441
51.672,2.1869411207786946,0.0035319912224314417,-0.0010013885746960605
51.706,2.190337805842295,0.0035759579752325066,-0.0010013864256399746
51.739,2.1936480243687413,0.003618663664396856,-0.001001389692904909
51.772,2.196958922398269,0.0036611449575531343,-0.0010014052703819915
51.806,2.2003707777166692,0.0037046725744713255,-0.0010014288534873315
51.839,2.2036625163605708,0.0037469234034892005,-0.0010014571522235088
51.872,2.20695466106548,0.003790162506026295,-0.0010014926528186738
51.906,2.210347111544329,0.003835711969844827,-0.0010015341250491014
51.939,2.2136611556935346,0.0038804741103220072,-0.0010015892412820054
51.972,2.2169763410211822,0.003924381813280002,-0.001001649513798348
52.006,2.220392574508238,0.003968718880877672,-0.0010017251309675096
52.039,2.223695870078336,0.004011034962521226,-0.0010018019907000117
52.072,2.226998792031795,0.0040532793805074735,-0.0010018627444255586
52.106,2.2304012257001538,0.004096732999774589,-0.0010019225819258328
52.139,2.2336898506049123,0.00413890155437732,-0.0010019574528286543
52.172,2.2369775398687435,0.004181730272034312,-0.0010020244754826713
52.206,2.240363143845193,0.0042265652691584575,-0.0010021300958109915
52.239,2.243640052827757,0.004270128949498928,-0.001002356369571758
52.272,2.246880447250373,0.004308271867340178,-0.0010017768811246622
52.306,2.250195063145967,0.004357881449060347,-0.0010010025200334997
52.339,2.253452962523934,0.0044080228359158966,-0.0010012550916414162
52.372,2.2567421758294715,0.004459896957011768,-0.0010016685373493844
52.406,2.260130286743836,0.004513842613571649,-0.0010016882408422322
52.439,2.263438541283863,0.004566049144381334,-0.0010015740649934358
52.472,2.2667498660171104,0.004616427319461634,-0.0010015563009499878
52.506,2.270162244879134,0.004666442583235938,-0.0010015187738091416
52.539,2.273477360847599,0.0047136067699984005,-0.0010014775392571534
52.573,2.2767931206314995,0.0047599679054810065,-0.00100144751773645
52.606,2.280210146866531,0.00480688765806873,-0.0010014357679982919
52.639,2.283518147376206,0.004851729779154944,-0.0010014137970758771
52.672,2.286826615442699,0.004896408399432242,-0.0010014009501599051
52.706,2.2902359736747355,0.004942264779966369,-0.0010013913876294606
52.739,2.293531244042821,0.004986734210233511,-0.001001390504616985
52.772,2.2968269532336283,0.005031837128224239,-0.0010013918261294573
52.806,2.300223132376954,0.005078959962597138,-0.0010014047662402006
52.839,2.303517214191954,0.005125302571971672,-0.0010014270075816047
52.872,2.3068118670855093,0.005172298176528997,-0.0010014539421883753
52.906,2.3102069197964887,0.005221377694410853,-0.0010014883965923614
52.939,2.3135171037992843,0.005269365067840062,-0.0010015366466980154
52.972,2.316828062296864,0.005316723267543619,-0.001001584988788426
53.006,2.3202399944306955,0.0053648542374055775,-0.001001645668239931
53.039,2.323551313448422,0.00541111655870743,-0.0010017172733039759
53.072,2.326862976321953,0.0054572353911549335,-0.0010017960966170227
53.106,2.3302747660267005,0.0055045875111998125,-0.0010018596055760623
53.139,2.333556921881407,0.00555043544130912,-0.0010018587390967018
53.172,2.3368380903509363,0.005597644725516623,-0.0010019191636389708
53.206,2.340217911902844,0.005647750653401292,-0.001001994247583033
53.239,2.3435230722372675,0.005697718682766049,-0.001002046410160485
53.272,2.3468233171832034,0.005746934201783819,-0.001002225592307178
53.306,2.3501915640497293,0.005781358724131802,-0.0010019523438726426
53.339,2.3534221830008484,0.005829804701063331,-0.0010012077951460294
53.372,2.3566692090437784,0.005882970625569904,-0.001001295169047102
53.406,2.3600452034990718,0.005939445510789775,-0.0010016772341904893
53.439,2.363350335024447,0.00599474866116579,-0.0010015810617736466
53.473,2.3666600966342686,0.006048947082326517,-0.001001610605305122
53.506,2.37007039648255,0.006103643098943988,-0.0010015586912247819
53.539,2.3733651473622692,0.00615605493954047,-0.0010015336397817959
53.572,2.376660291775326,0.006208785927312236,-0.0010014973701057694
53.606,2.3800557974916594,0.0062634104068808585,-0.0010014596030788643
53.639,2.383369124520302,0.00631636093341875,-0.0010014338096786743
53.672,2.386683583327569,0.0063680747469991,-0.0010014224219654366
53.706,2.39009902184771,0.006420033349323122,-0.001001398800264671
53.739,2.39340674253424,0.006469585678483633,-0.0010013898092737332
53.772,2.3967149342083576,0.0065191273067762194,-0.0010013865838322672
53.806,2.400123973734161,0.006570148644682189,-0.0010013892524039537
53.839,2.403423865696858,0.006619679760529643,-0.0010014022786144564
53.872,2.4067242623689946,0.006669613171715658,-0.0010014224567633269
53.906,2.410125271095179,0.0067214682070734335,-0.0010014510436950133
53.939,2.413432716875669,0.006772039081066949,-0.0010014853586195471
53.972,2.4167408387596465,0.006822397193765834,-0.0010015285289336484
54.006,2.4201498579995784,0.0068740529698191125,-0.0010015792836636575
54.04,2.4234574141994756,0.0069237854763040995,-0.0010016375963671845
54.072,2.4267655387916505,0.006972927267480189,-0.0010017087572930482
54.106,2.4301743233700024,0.007022933663768603,-0.0010017903693086486
54.139,2.4334562182105985,0.007071129767138859,-0.001001781956760317
54.172,2.436737319179048,0.007120820075811983,-0.0010018406527391825
54.206,2.4401174129814076,0.007173677500925782,-0.0010019065149460549
54.239,2.4434062443307174,0.007226544369018218,-0.0010020127288271757
54.272,2.446693869046707,0.007280420921124842,-0.001002095214574672
54.306,2.450076423479195,0.007336901243954786,-0.001002282421591713
54.339,2.45333121992014,0.007380342172553906,-0.0010021634046892894
54.372,2.456533936873049,0.0074323626110666145,-0.001000960528013229
54.406,2.459852737062043,0.007494329014934657,-0.0010009637585922868
54.439,2.4631283278845975,0.007556977713792279,-0.0010017484905482377
54.472,2.4664215636149907,0.0076189340226368914,-0.0010016719357123713
54.506,2.4698141817083092,0.007681786140079984,-0.0010016174147814798
54.539,2.4731312528475056,0.007741967621870326,-0.0010015714847730582
54.572,2.4764496539207754,0.007800438212193813,-0.00100151268948543
54.606,2.4798696427731812,0.00785890712227077,-0.0010014917904961305
54.639,2.4831837763111304,0.007914079357792389,-0.001001452301291516
54.67,2.486498622809831,0.007968225257717343,-0.00100143577002074
54.706,2.4899146415855196,0.008022907925245432,-0.0010014189266934759
54.739,2.493208132606225,0.008075255281671995,-0.0010014061644021861
54.772,2.496501840152619,0.008128294572223504,-0.001001390276916845
54.806,2.4998959223696122,0.008183657360950615,-0.0010013860154930339
54.839,2.503213308638539,0.008238102510979598,-0.001001385857137646
54.872,2.506531453991961,0.008292370513195408,-0.001001401440328141
54.906,2.509950774741507,0.008348092563766257,-0.0010014219710156869
54.939,2.5132665195388855,0.008401759088033964,-0.0010014517335879235
54.972,2.5165828686566942,0.00845481997529005,-0.001001484858697048
55.006,2.520000366779012,0.008508853151607659,-0.0010015292812359765
55.039,2.5232824822257687,0.008560831133633227,-0.0010015738087362433
55.072,2.526564371828331,0.00861402415615437,-0.001001614638080444
55.106,2.5299468836130163,0.00867007252909985,-0.0010016630316832704
55.139,2.533238154884713,0.008725780169119655,-0.0010017368009518045
55.172,2.53652956420419,0.008782587880471949,-0.0010017985845871234
55.206,2.539920402249281,0.00884228205747677,-0.0010018589542034918
55.239,2.543235818175821,0.008901121624132166,-0.0010019619067070384
55.272,2.5465513316933523,0.008958988242543082,-0.0010020304039236282
55.306,2.5499657264070064,0.009017538730557191,-0.0010021191864950513
55.339,2.5532644753256855,0.00907315631748038,-0.0010023084343655682
55.372,2.5565307847961765,0.00911367771887871,-0.0010021183233866783
55.406,2.559848193266997,0.009161797000633484,-0.0010011051134629148
55.439,2.563080693937442,0.009220843108712018,-0.0010009722359078307
55.472,2.566364274915275,0.009282084984515193,-0.0010018139221454093
55.506,2.5697569282473793,0.009345353131018141,-0.0010016953690686267
55.539,2.573066229439184,0.009406631899483086,-0.0010016092291529437
55.572,2.576376329720458,0.009466961706848423,-0.0010015645151336613
55.606,2.5797874062441757,0.009528192747574172,-0.00100151943434032
55.639,2.5830802369226773,0.00958701877076695,-0.0010014966305214902
55.672,2.5863734503175824,0.009646306610555565,-0.0010014642626440771
55.706,2.589766995009602,0.00970784397861317,-0.0010014355980441751
55.739,2.5930854281927287,0.009767842150578143,-0.001001418444889584
55.772,2.596405041502605,0.00982678967650404,-0.001001402026138961
55.806,2.5998258281608884,0.009886407251192704,-0.0010013898607448835
55.839,2.603115272275707,0.009943426511423811,-0.0010013912815716869
55.872,2.606404663603665,0.010001276332509286,-0.001001387701564424
55.906,2.609794322909322,0.010061747774265719,-0.001001398676331238
55.939,2.6131174444978793,0.010121368633482845,-0.001001415922898062
55.972,2.616441774264933,0.01018059089486131,-0.0010014468779672887
56.006,2.6198674904029424,0.010241174314889367,-0.0010014818163779672
56.039,2.623151408581336,0.010299302650933975,-0.0010015189954770548
56.072,2.6264351768516874,0.010358253913716212,-0.0010015559789449714
56.106,2.6298194008263454,0.010419846381483567,-0.0010016036600877729
56.139,2.633110616479111,0.010480456828992263,-0.001001680166424615
56.172,2.636402335099771,0.010541536339395386,-0.0010017581987747555
56.206,2.6397937747462716,0.010604930343997862,-0.0010018244907955866
56.239,2.643110891631177,0.01066682932572523,-0.001001901963025912
56.272,2.646427894852883,0.010727627848229004,-0.0010019630607239274
56.306,2.649844436386149,0.010789072385676338,-0.0010020283740278246
56.339,2.6531238020706835,0.010847623809103275,-0.001002108422912911
56.372,2.6564017101314734,0.010907177161922018,-0.0010022455351252346
56.406,2.659749360761961,0.01095863341473944,-0.0010021442204161991
56.439,2.6629564535604895,0.011017930252860204,-0.0010010198827746022
56.472,2.6661844164392563,0.011083506425362911,-0.001000896675059787
56.506,2.6695606111217587,0.011154158591162549,-0.0010018631506804251
56.539,2.672858217501311,0.011223118691855074,-0.001001655309357894
56.572,2.6761560127047233,0.011291654578067276,-0.001001650868971811
56.606,2.6795535935575994,0.011361855097175352,-0.0010015938657519999
56.639,2.6828777203949814,0.011429445299737244,-0.0010015321814039156
56.672,2.6862042554320738,0.0114950254862833,-0.0010015084513855799
56.706,2.6896324917996104,0.011560431729088494,-0.0010014784333358846
56.739,2.692927173782777,0.01162213717333487,-0.0010014391133936831
56.772,2.6962215559195593,0.011684178578904766,-0.0010014198162491932
56.806,2.6996163408392246,0.011748447141646922,-0.0010014025135335926
56.839,2.702918176796569,0.011811345459586241,-0.0010013891620954951
56.872,2.7062205966836945,0.01187472259437645,-0.001001387421601014
56.906,2.709623669356025,0.01194051388007085,-0.0010013880939446426
56.939,2.7129459922270676,0.012004721671363992,-0.0010013963837388375
56.972,2.716269078290599,0.012068213872722205,-0.0010014179598691227
57.006,2.71969350787582,0.012132879239732542,-0.0010014463590124999
57.039,2.72300117777167,0.012194893569506114,-0.0010014795384428211
57.072,2.7263093264524634,0.012256906941946616,-0.0010015203080681982
57.106,2.729718367960416,0.012320791328363506,-0.0010015697169747338
57.139,2.733006482279323,0.01238247836661307,-0.0010016143462475424
57.172,2.736295064517987,0.012444459340155643,-0.0010016813475020973
57.206,2.7396837931492297,0.012508632085962357,-0.0010017619052690163
57.239,2.742980832033888,0.012571348471571852,-0.0010018295617166377
57.272,2.746277497254335,0.01263431699287951,-0.0010018880406937533
57.306,2.749673377401575,0.012699461466735151,-0.0010019495806980194
57.339,2.7529634224244086,0.012763042433398021,-0.0010019788978619416
57.372,2.756252297276182,0.01282755142460798,-0.0010020719762453764
57.406,2.759637298644378,0.012895019472427981,-0.0010022452334734339
57.439,2.762901469024919,0.012950258304411424,-0.0010022215844200967
57.472,2.766111955041717,0.01300434308017668,-0.001000979845165527
57.506,2.7694208168166043,0.013077078975941032,-0.0010009628829255428
57.539,2.7726880752448055,0.013150724736737363,-0.0010015513077323776
57.572,2.7759834332541753,0.01322455466179671,-0.001001706673185495
57.606,2.779377247286571,0.013300083762923721,-0.001001645045055826
57.639,2.7826989187146007,0.01337276663431244,-0.0010015745738707893
57.672,2.7860231807143254,0.013443257369690575,-0.0010015399607175984
57.706,2.789449594251181,0.013513612075237078,-0.0010015168479391018
57.739,2.792753726825783,0.013579858004412443,-0.0010014555363313145
57.772,2.796058131042708,0.01364563058490971,-0.0010014335439736365
57.806,2.799463290404746,0.013712905690512752,-0.0010014123512137527
57.839,2.8027742125326776,0.013778033779059937,-0.001001404935194225
57.872,2.806085723259323,0.013843177293973424,-0.0010013924540217614
57.906,2.809498160625056,0.01391030023980273,-0.0010013870059749318
57.939,2.8127988888373276,0.013975302187638506,-0.0010013911787216771
57.972,2.8161001010452136,0.014040508581248222,-0.0010013987150226077
58.006,2.8195019622096584,0.014107899419955211,-0.0010014175454800996
58.039,2.822813020527159,0.01417351908489732,-0.0010014443738242118
58.072,2.8261247605745083,0.014238939836563113,-0.0010014774235953885
58.106,2.8295375018319606,0.014306128912595698,-0.0010015204852168794
58.139,2.8328263905804754,0.014371131412573847,-0.0010015606708395283
58.172,2.8361158359385157,0.014437143979460361,-0.0010015984910235684
58.206,2.839505998977604,0.014506199586863557,-0.0010016532128444972
58.239,2.842799330832856,0.014574198996172625,-0.0010017412534986288
58.272,2.8460927385053227,0.014642879558919925,-0.0010018073398073112
58.306,2.8494855839954965,0.014714347808711873,-0.0010018675787430258
58.339,2.8527919971921905,0.014784311517335835,-0.0010019527502157163
58.372,2.8560975515029536,0.01485376955499629,-0.0010020198518050187
58.406,2.8595018534553307,0.014924763878977688,-0.0010021019861280664
58.439,2.8628012754384655,0.014993095684662498,-0.0010022601881792131
58.471,2.866079370502557,0.01505140067945026,-0.0010022519322568368
58.506,2.86940047461597,0.01509736521635986,-0.001000960020013958
58.539,2.872629347583726,0.015167633177889793,-0.0010009731485855489
58.572,2.875912372594929,0.015241573259972581,-0.0010016190026658801
58.606,2.8793215836310293,0.015318017422749367,-0.001001721701963415
58.639,2.882617612261849,0.015391662710833103,-0.0010016658345503617
58.672,2.885913441813684,0.015465167355930565,-0.0010016122006157556
58.706,2.889309502649218,0.01554075841493307,-0.0010015505880358669
58.739,2.8926142071268615,0.01561385942968126,-0.001001490893466607
58.773,2.8959196209963465,0.015686177836695955,-0.0010014544222228076
58.806,2.8993258465456795,0.015759874691955663,-0.0010014302042153228
58.839,2.902639228357751,0.015830851318780013,-0.0010014124580281225
58.872,2.9059533608798302,0.01590129362632743,-0.0010014025941688827
58.906,2.909368567342203,0.0159732851205105,-0.0010013917574622777
58.939,2.9126782913542155,0.016042586712913302,-0.0010013882828845064
58.972,2.915988535824159,0.016111617445641074,-0.0010013879067974768
59.006,2.91939970083314,0.016182450945502625,-0.001001397811935839
59.039,2.922709823745655,0.016251025954166963,-0.0010014167791661428
59.072,2.9260205329557487,0.016319648814227015,-0.0010014416310994562
59.106,2.929432198510256,0.01639039295365146,-0.001001475312099851
59.139,2.932742594114141,0.016458925943867123,-0.001001516655137466
59.172,2.9360536065239464,0.016527169137971795,-0.0010015645205518967
59.206,2.9394655989740937,0.016597173186947978,-0.0010016208374898326
59.239,2.942772516620598,0.016664791858344734,-0.0010016879390738961
59.272,2.9460798646027944,0.016732313478500082,-0.0010017665043887437
59.306,2.9494874434890317,0.016801762795145427,-0.0010018366850265657
59.339,2.952768157908223,0.016868976325490746,-0.0010018296939296525
59.373,2.9560480341506468,0.016937637472136946,-0.0010018903492675056
59.406,2.95942665774271,0.017009963263957678,-0.0010019627705214681
59.439,2.962730454752628,0.017081609891598206,-0.0010020048200433188
59.472,2.9660304400484714,0.017152530427256063,-0.0010022744470288975
59.506,2.9694152785061543,0.01721644924437151,-0.0010022618410287648
59.539,2.972642921518197,0.017264199049540078,-0.001001069526890868
59.572,2.9758687502828503,0.01733690345709652,-0.0010009781634084114
59.606,2.9792357644673584,0.017415517580411783,-0.0010018309937664324
59.639,2.9825423884860993,0.017492851980534435,-0.0010016220402219896
59.672,2.9858534038049003,0.017569086691453253,-0.0010016230767030954
59.706,2.989264781956457,0.017646471378947728,-0.0010015722749184448
59.739,2.9925729110283226,0.017720584583849487,-0.0010015277077018957
59.772,2.9958816998716657,0.017794010748145357,-0.0010014917467019852
59.806,2.9992915343561473,0.017868945938383483,-0.0010014577799100123
59.839,3.002582567971379,0.017941126612788787,-0.0010014432144185847
59.872,3.0058739810322646,0.018013940014371448,-0.0010014221923628323
59.906,3.009265696765547,0.0180895993045474,-0.0010014073725719275
59.939,3.0125585307545095,0.018163672460938442,-0.0010013918336153754
59.972,3.0158519031003665,0.018238385653583346,-0.0010013872646575037
60.006,3.019245643645742,0.018316025203485,-0.0010013871303675217
60.039,3.02256728912957,0.018392007965754083,-0.001001393152547228
60.072,3.025890127170798,0.01846705782694455,-0.001001414450643029
60.106,3.029314307176719,0.01854339254490988,-0.0010014411092778217
60.139,3.0326210258327437,0.01861655784026302,-0.0010014717824371952
60.172,3.0359282252505206,0.018689807070548556,-0.0010015111738630525
60.206,3.0393362836270477,0.018765361355739075,-0.0010015590902258537
60.239,3.0426252971941454,0.018838369631765963,-0.0010016090256916958
60.272,3.045914765245427,0.018911557063625847,-0.0010016741424656236
60.307,3.0493044288653213,0.018987150893748295,-0.001001753982764149
60.339,3.0526055525307036,0.01906086990119943,-0.0010018296587216806
60.372,3.0559063362723373,0.01913455392674186,-0.001001888656641945
60.406,3.0593064690957736,0.019210435522289387,-0.001001949559233585
60.439,3.0626100741120914,0.019284041480305526,-0.0010020158716997525
60.472,3.065912476154222,0.019357330354560814,-0.001002089783037511
60.506,3.069311634572523,0.019432526303245656,-0.0010022364479331351
60.539,3.0725944326990278,0.019498837591265465,-0.0010023132216192658
60.572,3.075822862510441,0.019546643404063962,-0.0010010365671964463
60.606,3.0791478729743322,0.01962238286055156,-0.0010009807803453077
60.639,3.082420693746972,0.0197015872688284,-0.0010016718512389118
60.672,3.0857157606171683,0.019781346877682963,-0.0010017348186951297
60.707,3.0891093859296386,0.019863465371040015,-0.0010016710550412623
60.739,3.0924150303547946,0.019943126834120285,-0.001001603851245387
60.772,3.0957210761342497,0.020022154189842132,-0.0010015376969233387
60.806,3.099127877387579,0.02010294595305737,-0.0010014929589781153
60.839,3.10241915125868,0.02018086555968219,-0.0010014737928459201
60.872,3.1057108471937016,0.02025923400103085,-0.0010014445070143652
60.906,3.1091028409835504,0.020340423069315286,-0.0010014220522728615
60.939,3.1124226477382075,0.02041977475786768,-0.0010014027999827937
60.972,3.115743597672416,0.020498265806506436,-0.0010013927436340192
61.006,3.1191657829270794,0.02057821605204871,-0.0010013873122757186
61.039,3.1224767056609686,0.02065479742056709,-0.0010013910010372926
61.072,3.125788133265937,0.020730827598336932,-0.001001395786255549
61.106,3.129200536541295,0.02080857873739965,-0.00100141473139757
61.139,3.1325099767960154,0.020883614447973837,-0.0010014382878011652
61.172,3.135819987819795,0.020958604519823815,-0.001001471145126269
61.206,3.139230945483282,0.021035807838262158,-0.0010015109267471137
61.239,3.1425039515239677,0.021110468401722145,-0.0010015589494059805
61.272,3.145776571481163,0.021186712357285364,-0.001001608568397632
61.306,3.1491491280722945,0.021266886126004244,-0.0010016574124376981
61.339,3.1524628140443274,0.021346561467823943,-0.0010017548947604676
61.372,3.1557781570075445,0.021425884583451404,-0.0010018262734426235
61.406,3.159193554275387,0.021507182781235548,-0.001001887584223763
61.439,3.16247676847514,0.021585346702061307,-0.0010019149147531027
61.472,3.165758662446896,0.02166434717388308,-0.001001974023292048
61.506,3.1691388722439773,0.021746619110317895,-0.0010020575862254612
61.539,3.172424515907829,0.02182747987777349,-0.0010021545186477895
61.572,3.175694427604142,0.021904550916391548,-0.0010022647403643975
61.606,3.179008169981975,0.021965928008752182,-0.0010011494993293138
61.639,3.1822074066803974,0.022048977893659637,-0.0010009353418853582
61.672,3.185451190707897,0.022137845841522237,-0.0010011671708866146
61.702,3.1888399699806254,0.022230833055596866,-0.0010016662513152343
61.739,3.192165159390487,0.022320975836609597,-0.0010015542465236643
61.772,3.195495624054528,0.02240894883950635,-0.0010015877435776144
61.806,3.1989278417021656,0.02249726656060491,-0.001001554052909831
61.839,3.202223640941453,0.022580428620872683,-0.0010014854818377987
61.872,3.205519479657185,0.022662847011368125,-0.001001465450039589
61.906,3.208915917565395,0.02274700277401145,-0.0010014404005367454
61.939,3.2122183088836453,0.02282837688669782,-0.0010014279899516962
61.972,3.215521270524991,0.02290972874971071,-0.001001408085501556
62.006,3.2189249114616834,0.02299350783506292,-0.001001397342568433
62.039,3.2222234459245116,0.023074874600090833,-0.0010013901694584208
62.072,3.22552248071791,0.02315675146612404,-0.0010013884192852547
62.106,3.2289220741965416,0.023241634797563183,-0.0010013962585750866
62.139,3.2322302926054314,0.023324623498459162,-0.0010014113511516154
62.172,3.2355391615343603,0.023407854199321333,-0.0010014379529669215
62.206,3.2389489427859126,0.023493842719988795,-0.0010014652360817548
62.239,3.242264220921399,0.023577192990362025,-0.0010015090230752963
